smiles,mic_100um
Nc1n[nH]c2nc3[nH]nc(N)c3c(-c3ccccc3)c12,0
C#CCN(C)c1nc(N)c(C#N)c(-c2ccccc2)c1C#N,0
Nc1nnc(N)nn1,0
COc1nc(Cl)c(C#N)cc1C#N,0
Nc1cc2nonc2c2nonc12,0
COc1cc(-c2cnc3nonc3n2)c(OC)c2c1OCO2,0
C#CCNc1ccc(Cl)cn1,0
COc1ccc2[nH]c3nc4c(c(N)c3c2c1)CCCC4,0
O=[N+]([O-])c1ccccc1-c1ccccc1Nc1ccccc1,0
Cc1ccccc1Nc1ccccc1-c1ccccc1[N+](=O)[O-],0
COc1cc(CC#N)c(OC)c2c1OCO2,0
O=C(Nc1ccc(-c2n[nH]c(=S)o2)cc1)c1cn(C2CC2)c2cc(N3CCNCC3)c(F)cc2c1=O,1
C#CCNc1nc(Cl)c(C#N)cc1C#N,0
N#CC1=C(N)Oc2cc(O)ccc2C1c1ccccc1F,0
COC1C(OC(=O)c2ccc(C)[nH]2)C(O)C(Oc2ccc3c(O)c(NC(=O)c4ccc(O)c(CC=C(C)C)c4)c(=O)oc3c2Cl)OC1(C)C,1
Nc1nonc1C(=O)NN=Cc1cc(Cl)ccc1O,0
Nc1nonc1C(=O)NN=Cc1ccccc1O,0
Nc1nonc1C(=O)NN=Cc1c(O)ccc2ccccc12,0
CCC1(C)OC(=O)N2CCc3c(C)[nH]c4cccc(c34)C21C,0
C=CCc1cc2c(c(OC)c1OC)OCO2,0
Nc1ccc(Cn2ccc3c4c(N)nc(N)nc4ccc32)cc1,1
Cc1nc2s[nH]c(=O)c2c2c1CCCC2,0
O=C(OCCCl)Oc1cc2sc(=O)oc2cc1Cl,0
Cc1ccc(/C=C2\N=C(c3cccc(Cl)c3)OC2=O)o1,0
Cc1ccc(/N=C/c2cc(Cl)ccc2O)cc1O,0
C/C(CC(=O)Nc1cccnc1)=N\NC(=O)C(=O)NCC(C)C,0
O=C1Nc2ccc([N+](=O)[O-])cc2/C1=N\c1ccccc1O,0
CC1(CC(=O)C(C)(C)C)NN=C(c2ccccc2O)S1,0
O=C(/C=C/N1CCCCC1)c1cccs1,0
CC(C)N1C[C@H](C)C(O)(c2ccccc2)CC1C,0
CC(C)=NNc1nc(-c2ccc([N+](=O)[O-])cc2)cs1,0
CC1=CC(=O)N(c2ccccc2)C1=O,0
Cc1cc(C)c2c(N)c(C(N)=O)sc2n1,0
N#CC1=C(N)SC(N)=C(C#N)C1c1ccc([N+](=O)[O-])cc1,0
N#CC1=C(N)SC(N)=C(C#N)C1c1cccs1,0
O=C(Nc1cccc2cccnc12)c1cccc([N+](=O)[O-])c1,0
Cn1cnc([N+](=O)[O-])c1[S+]([O-])CC#N,1
OCc1ccc(C#Cc2ccccc2)o1,0
COc1cc(/C=N/c2ccc3nc[nH]c3c2)c(O)c([N+](=O)[O-])c1,0
O=C(N/N=C/c1ccc(N2CCCCC2)o1)c1ccccc1,0
COc1ccc(C(=O)C/C=N/c2ccc(C)cc2)cc1,0
CC12C=CC(O1)C1C(=O)N(c3ccc([N+](=O)[O-])cc3)C(=O)C12,0
CCOC(=O)c1c(N)sc2c1CCC(C)C2,0
Cc1cc(/C=N/c2ccc3ncccc3c2)c(O)c([N+](=O)[O-])c1,0
Cc1cc(/C=N/c2cccc3cccnc23)c(O)c([N+](=O)[O-])c1,0
Nc1ccc2c(c1)Oc1ccccc1C=C2,0
COc1ccc(/C=C/c2cc(OC)c3c(c2)OCO3)cc1O,0
COc1cccc(-c2cc3c(O)cc([N+](=O)[O-])cc3[nH]2)c1,0
COc1cc(/C=C(\C)[N+](=O)[O-])c(OC)c2c1OCO2,0
COc1c(N2C[C@@H]3CCCN[C@@H]3C2)c(F)cc2c(=O)c(C(=O)O)cn(C3CC3)c12,1
N#C/C(=C\c1ccc([N+](=O)[O-])cc1)C(=O)c1ccccc1,0
Brc1nc(Br)c(Br)[nH]1,0
ClCc1ccncc1,0
OCc1ccc(O)c2ncccc12,0
C/C(=N\NC(=O)CNc1cccc(C)c1)c1ccc(O)cc1,0
Cc1ccc2nc(Cl)c(C=O)cc2c1,0
CO[C@H]1C=CO[C@@]2(C)Oc3c(C)c(O)c4c(O)c(c5c(nc6cc(C)ccn65)c4c3C2=O)NC(=O)C(C)=CC=C[C@H](C)[C@H](O)[C@@H](C)[C@@H](O)[C@@H](C)[C@H](OC(C)=O)[C@@H]1C,1
Cc1cc([N+](=O)[O-])cc2c1NC(=O)C2=O,0
Cc1ccc(/N=c2\ssnc2Cl)nc1,0
C1CN(c2nonc2-[n+]2nc3nonc3[n-]2)CCO1,0
COc1cc(/C=N/NC(=O)C(=O)NCC(C)C)ccc1O,0
O=C1NC(=O)/C(=C/c2cccc(F)c2)S1,0
O=C(Nc1ncn[nH]1)c1ccc(F)cc1,0
O=C1NC(=S)NC(=O)C1=Cc1ccc(Br)cc1,0
Cc1ccc(C(=O)C/C=N/NC(=O)c2ccc(C)cc2)cc1,0
CN(C)c1nc(Cl)nc(N(C)C)n1,0
N#CSC(=O)/C=C/c1ccccc1,0
N#CC1=C(N)NC(=S)C(C(N)=O)C1c1ccccc1,0
COc1ccc(-c2nnc(S)o2)cc1,0
CN(C)CCNC(=O)c1ccc([N+](=O)[O-])o1,0
COCc1cc(CN2CCCC2)c(O)c2ncccc12,0
COCc1cc(CN2CCN(C)CC2)c(O)c2ncccc12,0
Cc1ccc(C(O)C#CC(O)(c2ccccc2)c2ccccc2)o1,0
Cc1ccc(O)c(/N=C/c2cc(Cl)cc(Cl)c2O)c1,0
O=C1NC(=O)C(=Cc2ccc(-c3ccc(Cl)cc3)o2)C(=O)N1,0
O=C1NC(=S)S/C1=C/c1ccco1,0
NNc1nc2nonc2nc1NN,0
N#CC1=C(N)SC(N)=C(C#N)C1c1ccc2c(c1)OCO2,0
N#Cc1c(C(F)(F)F)cc(-c2cccs2)[nH]c1=O,0
Cc1ccc(C2NC(C(=O)O)CS2)cc1[N+](=O)[O-],0
Cc1ccc2nc(Cl)c(/C=N/O)cc2c1,0
Cc1ccc2nc(Cl)c(/C=N/Cc3ccccc3)cc2c1,0
Cc1ccc([N+](=O)[O-])cc1C1NC(C(=O)O)CS1,0
CCCN(CCC)Cn1c(=S)oc2ccccc21,0
O=[N+]([O-])c1cccc(-[n+]2noc([O-])n2)c1,0
O=[N+]([O-])c1cccc(-[n+]2noc([O-])n2)c1,0
O=[N+]([O-])c1cccc(-[n+]2noc([O-])n2)c1,0
[O-]c1n[n+](-c2ccc(Cl)cc2)no1,0
[O-]c1n[n+](-c2ccc(Cl)cc2)no1,1
[O-]c1n[n+](-c2ccc(Cl)cc2)no1,1
C1CCN(c2nonc2-[n+]2nc3nonc3[n-]2)CC1,0
S=c1oc(-c2ccccc2Cl)nn1CN1CCOCC1,0
S=c1oc2cc(Cl)ccc2n1CN1CCCCC1,0
Oc1ccccc1-c1cc2ccccc2[nH]1,0
COc1ccc(C(=O)C/C=N/Cc2ccco2)cc1,0
O=C(Cn1nnc([N+](=O)[O-])n1)c1ccccc1,0
CCN(CC)CCNc1ccc2nsnc2c1[N+](=O)[O-],0
O=c1/c(=C\c2ccccc2Cl)sc2nc3ccccc3n12,0
Cc1ncc(Cn2cc(CCOS(C)(=O)=O)nn2)c(N)n1,0
O=C(O)CCc1nc(-c2ccc(Cl)cc2)no1,0
CC1CN(C(=O)OCc2ccccc2)OC1O,0
O=C(Nc1ccncc1)c1cc([N+](=O)[O-])cc([N+](=O)[O-])c1,0
Cn1nc([N+](=O)[O-])c[n+]1[O-],0
CN(C)C1C(=O)C(C(N)=O)C(=O)C2(O)C(=O)C3C(=O)c4c(O)ccc(Cl)c4C(O)C3CC12,1
O=C(Nc1ccc2ccccc2c1)c1cccc(Br)c1,1
COc1c(N2CCNC(C)C2)c(F)cc2c(=O)c(C(=O)O)cn(C3CC3)c12,1
CC1COc2c(N3CCN(C)CC3)c(F)cc3c(=O)c(C(=O)O)cn1c23,1
CN(C)c1ccc(O)c2c1C[C@H]1C[C@H]3[C@H](N(C)C)C(=O)C(C(N)=O)C(=O)[C@@]3(O)C(=O)C1C2=O,1
COc1c(N2CC3CCCNC3C2)c(F)cc2c(=O)c(C(=O)Nc3ccc(-c4n[nH]c(=S)o4)cc3)cn(C3CC3)c12,1
COc1ccc(/N=C/c2cccc([N+](=O)[O-])c2)c([N+](=O)[O-])c1,0
S=c1oc(-c2ccccc2Cl)nn1CN1CCCCC1,0
C[C@H]1COc2c(N3CCN(C)CC3)c(F)cc3c(=O)c(C(=O)O)cn1c23,1
Cc1ccc(SC2CC(=O)N(c3ccccc3)C2=O)cc1,0
NC(=O)c1c(NC(=O)C(F)(F)F)sc2c1CCCC2,0
N#CC(C#N)=C/C=C/C=C/C=C/c1ccccc1,0
Nc1nc2nonc2n2nnnc12,0
CCCC1(C)N=C(S)N(c2ccccc2)N1,1
Cc1ccccc1C1=N/C(=C\c2ccc3ccccc3c2)C(=O)O1,0
CCN1CCN(c2cc3c(cc2F)c(=O)c(C(=O)O)cn3C2CC2)CC1,1
Nc1nonc1C(=O)CBr,0
O=C(CCl)Nc1nccs1,0
CCOC(=O)n1c(=S)oc2ccc(Cl)cc21,0
CO[C@H]1/C=C/O[C@@]2(C)Oc3c(C)c(O)c4c(O)c(c5c(c4c3C2=O)=NC2(CCN(CC(C)C)CC2)N=5)NC(=O)/C(C)=C\C=C\[C@H](C)[C@H](O)[C@@H](C)[C@@H](O)[C@@H](C)[C@H](OC(C)=O)[C@@H]1C,1
O=C1c2ccccc2-c2nc3nonc3nc21,0
Cc1cc(C)n(CCOc2nonc2N)n1,0
O=c1[nH]c(/C=C\c2ccccc2Cl)c([N+](=O)[O-])c(=O)[nH]1,0
O=C1c2ccccc2-c2nc3ccccc3nc21,0
O=C(C(C(F)(F)F)C(F)(F)F)N1CCCCC1,0
Cc1ccc(NCN2C(=O)c3ccc([N+](=O)[O-])cc3C2=O)cc1,0
O=c1oc2c(Cl)ccc(O)c2s1,0
CCOC1Oc2ccc(S(=O)(=O)OC)cc2C1(C)C,0
Nc1ncc(/N=C/c2cc([N+](=O)[O-])ccc2O)cn1,0
COc1ccccc1C(=O)Nc1sc2c(c1C#N)CCCC2,0
CC(=O)c1ccc(NC(=O)c2cccc(Cl)c2)cc1,0
CN(C)c1ccc(/C=N/c2ccccc2O)cc1[N+](=O)[O-],0
COc1ccc(N2C(=O)CC(N3CCC(C)CC3)C2=O)cc1,0
O=C1NC(=S)NC(=O)C1=CNNc1cccc(Cl)c1,0
Nc1cccc2c(NC=C3C(=O)NC(=O)NC3=O)cccc12,0
COc1cccc(/C=N/Nc2nncn2N)c1O,0
Cc1ccc(C(=O)n2c(=S)oc3cc(Cl)ccc32)cc1,0
N#CC1=C(N)SC(N)=C(C#N)C12C(=O)Nc1ccccc12,0
COC(=O)C1=C(C)OC(N)=C(C#N)C12C(=O)Nc1ccccc12,0
Cc1n[nH]c2c1C1(C(=O)Nc3ccccc31)C(C#N)=C(N)O2,0
CC(=O)C1=C(C)OC(N)=C(C#N)C12C(=O)Nc1ccccc12,0
O=C(O)c1ccc(O)c(/C=N/c2cccc3cccnc23)c1,0
O=C(CNc1ccc(Cl)cc1)N/N=C/c1ccccc1,0
O=C1NC(=O)C(=CNc2ccc(Cl)cc2[N+](=O)[O-])C(=O)N1,0
COCc1ccc(O)c2ncccc12,0
CN(C)c1nc(N(C)C)nc(N2CC(CCl)OC2=N)n1,0
COC(=O)CN(C)S(=O)(=O)c1ccc([N+](=O)[O-])cc1,0
Cc1ccc(N/N=C\c2ccc(O)c(O)c2)cc1,0
COc1ccc(C(=O)C/C=N/c2cccc(Cl)c2)cc1,0
CCOC(=O)c1ccccc1NC(=O)c1ccccc1F,0
CCOC(=O)c1ccc(NC(=O)Nc2ccc(Cl)cc2)cc1,0
CCOC(=O)c1ccc(NC(=O)Nc2ccc(C)cc2)cc1,0
O=C(CC(=O)c1c[nH]c2ccccc12)c1ccccc1,0
COCc1c(C#N)c(Cl)nc(C)c1[N+](=O)[O-],0
C=CCc1cccc(/C=N/NC(=O)c2nonc2C)c1O,0
COc1ccc(C(=O)Oc2ccccc2/C=N/Nc2ccccc2)cc1,1
N#Cc1c(-c2ccccc2Cl)c2c([nH]c1=S)CCCC2,0
N#CC1=C(C2CC2)CC(c2cccc([N+](=O)[O-])c2)C(C#N)=C1N,0
Cc1ccc(/C=C2/SC(=O)N(CNc3ccccc3)C2=O)o1,0
COCC(=O)N/N=C/c1ccc(OC/C=C/Cl)cc1,0
O=C(C(c1ccccc1)c1ccccc1)N1CCc2ccccc21,0
CC(Oc1ccc2ccccc2c1)C(=O)N/N=C/c1ccncc1,0
O=C(Oc1cccc2cccnc12)c1ccc(Cl)cc1,0
O=C(N/N=C\c1ccccc1O)c1cc2ccccc2cc1O,0
Cc1ccc(/N=C/c2cc(C)c(C)cc2O)c(O)c1,0
Cc1ccccc1NCC(=O)N/N=C/c1ccc([N+](=O)[O-])o1,0
O=C(O)/C=C/c1cccc(Oc2ccccc2)c1,0
Cc1ccc(/N=C/c2cc(Cl)cc([N+](=O)[O-])c2O)cc1,0
COc1ccc(/C=N/n2cnnc2)cc1O,0
Cc1ccccc1NCC(=O)N/N=C/c1c(C)cc(O)cc1O,0
CN(C)c1cccc(NC(=O)c2cc(F)c(F)cc2Cl)c1,0
O=[N+]([O-])c1cc([N+](=O)[O-])c(NCCCO)c([N+](=O)[O-])c1,0
CCCCCCCCCCCCNC(=O)CCCC(=O)CCCCCCCCCC,1
N#Cc1c(-c2ccccc2)cc(-c2ccccc2)[nH]c1=O,0
O=[N+]([O-])c1cccc(/C=N/c2nc3ccc(Br)cc3s2)c1,1
COCCCN1C(=O)c2cccc3c(N)ccc(c23)C1=O,0
COc1ccc(/C=C/[N+](=O)[O-])cc1OC,0
Cc1ccc(C(=O)C/C=N/NC(=O)c2ccc(O)cc2)cc1,0
Cc1ccc(NCC(=O)N/N=C/c2ccc3ccccc3c2)cc1,0
Cc1ccc(NCC(=O)N/N=C/c2c(C)cc(O)cc2O)cc1,0
O=[N+]([O-])c1ccc(-c2nnco2)cc1,0
O=C1c2ccccc2C(=O)N1SCc1ccccc1,0
c1ccc(CSc2nnnn2-c2ccccc2)cc1,0
O=C(CCc1ccccc1)Nc1cccc(F)c1,0
O=C(N/N=C/C=C/c1ccccc1)N/N=C/C=C/c1ccccc1,0
CCOc1ccc(/C=N/Nc2ccccc2)cc1,1
O=C(OCC1CCCO1)c1cc([N+](=O)[O-])cc([N+](=O)[O-])c1,0
COc1ccc(C(=O)C/C=N/c2ccccc2C)cc1,0
CCCONS(=O)(=O)c1ccccc1[N+](=O)[O-],0
COc1ccc(/C(C)=N/NC(=O)CNc2ccc(C)cc2)cc1,0
O=C(CNc1ccc(Cl)cc1)N/N=C/c1ccccc1O,0
O=C(C/C=N/c1ccc(O)cc1)c1ccc(Cl)cc1,0
Cc1ccc(C(=O)C/C=N/c2ccc(O)cc2)cc1,0
O=C(C/C=N/Cc1ccccc1)c1ccc(Cl)cc1,0
Cc1cc(C)n(-c2ccc([N+](=O)[O-])cc2[N+](=O)[O-])n1,0
O=C(Oc1cccc2ccccc12)C1CC1c1ccccc1,0
O=C(CSCc1ccc(Cl)cc1)N/N=C/c1ccccc1,0
Oc1ccccc1/C=N/c1ccc(N=Nc2ccccc2)cc1,0
N#Cc1ccccc1/N=C/c1ccc([N+](=O)[O-])cc1,0
CC(=O)Nc1sc2c(c1C(=O)O)CCCC2,0
O=C(Oc1cccc2cccnc12)c1ccc([N+](=O)[O-])cc1,0
CC(=O)Nc1cccc(/N=C/c2cc([N+](=O)[O-])ccc2O)c1,0
Cc1cccc(C)c1NS(=O)(=O)c1ccc([N+](=O)[O-])cc1,0
O=c1oc(-c2ccccc2)nc2ccccc12,0
O=[N+]([O-])c1cccc(/C=N/c2ccc3[nH]c(-c4ccccc4)nc3c2)c1,1
Nc1nc(F)nc(F)c1Br,0
COCC(=O)N/N=C(\C)CC(=O)NCC1CCCO1,0
O=Cc1ccc(OC(=O)c2cccc(Br)c2)cc1,0
O=[N+]([O-])c1cccc(/C=N/c2cccc(Cl)c2Cl)c1O,0
CC(C)CC1(C)N=C(S)N(c2ccccc2)N1,1
Cc1ccc(/N=C/c2cc(Cl)cc(Cl)c2O)cc1C,0
CCc1ccc(O)c(/N=C/c2cc(Cl)cc(Cl)c2O)c1,0
Oc1ccc(Cl)cc1/N=C/c1cc(Cl)cc(Cl)c1O,0
Cc1cccc(N/N=C/c2ccc(N3CCOCC3)cc2)c1,0
O=[N+]([O-])c1ccc(O)c(/C=N/c2cccc(Cl)c2Cl)c1,0
O=C1OC(=O)c2cc(Br)cc3cccc1c23,0
O=C(Nc1cccnc1)c1ccc([N+](=O)[O-])cc1Cl,0
Nc1ccc(C(=S)N2CCCCC2)cc1,0
O=C1NC(=S)S/C1=C/c1ccccc1Cl,0
O=[N+]([O-])/C=C/c1ccc(Cl)cc1Cl,0
O=C(Nc1ccc2c(c1)OCCO2)c1ccc2ccccc2c1,0
CCCCOc1ccc(NC(=O)c2ccc(F)cc2)cc1,0
CCCCOc1cccc(NC(=O)c2ccc(F)cc2)c1,0
O=C(N/N=C/c1ccc([N+](=O)[O-])s1)c1ccccc1,0
Nn1cnnc1N/N=C/c1ccccc1Cl,0
Cc1nonc1N=Nc1ccc(O)c(C=O)c1,0
CC1=NN(c2ccc(C)c(C)c2)C(=O)/C1=C\NNc1cccc(C)c1,1
CC1=NN(c2ccc(C)c(C)c2)C(=O)/C1=C\NNc1cccc(Cl)c1,1
CC1=NN(c2ccc(C)c(C)c2)C(=O)/C1=C\NNc1cccc(Cl)c1,1
Cc1cccc(NC(c2ccc(F)cc2)C2CCCC2=O)c1,0
CC1CCN(C2CC(=O)N(c3ccc(F)cc3)C2=O)CC1,0
C/C(=N\NC(=O)c1ccccc1[N+](=O)[O-])c1ccccc1O,0
Cc1ccc(/N=C/c2cc(Cl)cc(Cl)c2O)c(O)c1,0
Cc1ccccc1NCC(=O)N/N=C/c1cc(Cl)ccc1O,0
CC1(C)Cc2nc3sc4c(Cl)nnnc4c3cc2CO1,0
NC(=O)c1ccc(/N=C/c2cc(Cl)cc(Cl)c2O)cc1,0
Oc1cccc(/N=C/c2cc(Cl)cc(Cl)c2O)c1,0
Nc1cccc2cc3c(N)cccc3cc12,0
O=[N+]([O-])C1CCCc2nonc21,0
O=C(CC(C(=O)O)N1CC1)c1ccc2c(c1)CCCC2,0
O=[N+]([O-])c1cccc(/C=N/c2cc(Cl)ccc2O)c1,0
Sc1nnc(-c2ccc(Cl)cc2Cl)o1,0
Cc1ccc2c(c1)sc1nc(-c3ccccc3)cn12,0
O=C1CNC(c2cccc([N+](=O)[O-])c2)N1O,0
O=C1CNC(c2cccc([N+](=O)[O-])c2)N1O,1
O=C1CNC(c2cccc([N+](=O)[O-])c2)N1O,0
O=C1CNC(c2cccc([N+](=O)[O-])c2)N1O,1
CCOC(=O)c1ccc(NC(=O)CCl)cc1,0
CCn1c(-c2ccccc2)cs/c1=N/c1cccnc1,0
O=[N+]([O-])c1ccc(Sc2cccs2)c([N+](=O)[O-])c1,0
Cc1cc(O)c(/C=N/c2ccc(O)c(C(=O)O)c2)c(C)c1Cl,0
Cc1ccc(O)c(/N=C/c2ccc(Cl)c([N+](=O)[O-])c2)c1,0
CC(=O)Nc1ccc(/N=C/c2ccc(Cl)c([N+](=O)[O-])c2)cc1,0
Cc1ccc(O)c(/N=C/c2c(O)cc(C)c(Cl)c2C)c1,0
O=[N+]([O-])c1cc(/C=N/c2ccc(F)c(Cl)c2)ccc1Cl,0
CN1c2ccccc2NC2ON=C(c3ccccc3Cl)NC21,1
CCCCOC(=O)CNS(=O)(=O)c1ccc([N+](=O)[O-])cc1,0
CC(C)N(CCC#N)S(=O)(=O)c1ccc([N+](=O)[O-])cc1,0
N#CC1=C(N)SC(N)=C(C#N)C1c1cccc([N+](=O)[O-])c1,0
COc1c(OC(C)=O)ccc(/C=N/NC(=O)COc2ccccc2[N+](=O)[O-])c1[N+](=O)[O-],1
O=C(/C=C\c1cccc2c1OCO2)c1ccccc1,0
CC(C)=NOC(=O)Nc1ccc(I)cc1,0
O=C(CC1CCC1)Nc1cccc(Br)c1,0
Brc1cc2c(cc1/C=N/Nc1ccccc1)OCO2,1
COc1ccc(-c2csc(N)n2)cc1,0
Nc1nc(-c2ccc(Cl)cc2)cs1,0
COc1ccc(/N=C/c2cc([N+](=O)[O-])ccc2O)cc1Cl,0
COc1ccc(/N=C/c2cccc([N+](=O)[O-])c2O)cc1Cl,0
COc1ccc(/N=C/c2ccc(Cl)cc2)cc1Cl,0
COc1ccc(/N=C/c2cc(C)ccc2O)cc1Cl,0
Cc1cccc(O)c1/N=C/c1cc([N+](=O)[O-])ccc1O,0
O=[N+]([O-])c1cc(/C=N/c2ccc3c(c2)OCCO3)ccc1Cl,0
O=[N+]([O-])c1cc(/C=N/c2ccc(Cl)cc2)ccc1Cl,0
O=C1CC(c2ccc(Cl)cc2)=NO1,0
c1cc2c(cc1C1CCCCC1)c1c3c(cncn32)CCC1,0
CC/N=C1/SCC(C)(/C=N/OC(=O)NC)S1,0
O=C(N/N=C/c1ccc([N+](=O)[O-])c(O)c1)c1ccncc1,0
Cc1cccc(NCC(=O)N/N=C/c2cc(C)ccc2O)c1,0
CCCC(=O)n1c(=S)oc2cc(Cl)ccc21,0
O=[N+]([O-])c1cccc(/C=N/c2cnc3ccccc3c2)c1,0
CC(C)Oc1ccc(/C=C/C(=O)O)cc1,0
Nc1ccc([N+](=O)[O-])cc1/N=C/c1ccc(Cl)cc1,0
C/C(=N\NC(N)=S)c1ccc(Br)cc1,0
NC(=S)N/N=C\c1c2ccccc2cc2ccccc12,0
Cc1cccc(O)c1/N=C/c1ccc([N+](=O)[O-])cc1,0
O=[N+]([O-])c1ccc(/C=N/N=C/c2ccc(O)cc2O)o1,1
S=c1oc(-c2ccccc2)nn1CN1CCCCC1,0
N#CC(C#N)=Cc1sc(Cl)cc1Cl,0
Cc1ccccc1NC1=NS(=O)(=O)c2cc([N+](=O)[O-])ccc21,0
CCN(CC)C1=NS(=O)(=O)c2cc([N+](=O)[O-])ccc21,0
O=[N+]([O-])c1cc(/C=N/c2ccccc2S)c(O)c([N+](=O)[O-])c1,0
CCc1ccc(O)c(/N=C/c2cccc([N+](=O)[O-])c2)c1,0
O=C(N/N=C/c1ccc([N+](=O)[O-])s1)C1CC12CCC2,0
N=C1NC(=O)/C(=C\c2ccc(-c3ccccc3[N+](=O)[O-])o2)S1,0
CC(C)COc1ccccc1/N=C/c1cc([N+](=O)[O-])ccc1O,0
CCCCCCCNC(=O)CCNC(=O)[C@H](O)C(C)(C)CO,0
Oc1ccc2ccccc2c1/C=N/c1nc[nH]n1,0
N#CC1=C(N)/C(=C/c2ccncc2)SC1=N,0
CNC(=O)n1c(=S)oc2cc(Cl)ccc21,0
O=Cc1ccc(-c2ccc(F)c(Cl)c2)o1,0
Cc1cc(O)c(/N=C/c2cccc(F)c2O)cc1C,0
O=Cc1cccc2cccc(C(=O)O)c12,0
CCOC(=O)C(C#N)C(=O)c1ccc([N+](=O)[O-])cc1,0
Cc1ccc(C)c(NC(=O)c2ccc(=O)oc2)c1,0
CCOC(=O)c1[nH]c(C)c(C(=O)OCC)c1C,0
CN(Cc1ccccc1)C1CC(=O)N(c2ccccc2)C1=O,0
Cc1cc(Br)cc2c1N(C)C(=O)C2=O,0
CN(C)c1ccc(/C=N/Nc2nnn[nH]2)cc1,0
COC(=O)CSC1=NS(=O)(=O)c2ccccc21,0
COc1cccc(/N=C/c2cc([N+](=O)[O-])ccc2O)c1,0
Cc1cccc(NNC=C2C(=O)NC(=O)NC2=O)c1,0
S=c1sc2ccccc2n1CN1CCOCC1,0
S=c1sc2ccccc2n1CN1CCCCC1,0
O=C(Nc1nnc(C(F)(F)F)s1)c1ccccc1,0
Cc1ccc(CSc2nnc(N)s2)c(C)c1,0
NC(=O)N/N=C/c1ccc([N+](=O)[O-])o1,0
Cc1cccc(Nc2c3ccccc3nc3ccccc23)c1,0
CCCCCCCCCCn1ccc(=N)cc1,0
CCCCCCCCn1ccc(=N)cc1,0
O=C(Nc1ccccc1C(=O)O)c1ccccc1,0
Cc1ccc2c(c1)Cc1cc3ccccc3nc1-2,0
Oc1ccc(/N=C/c2ccc(OCc3ccccc3)cc2)cc1,0
CCOc1ccc(N2C(=O)CC(N3CCC(C)CC3)C2=O)cc1,0
CCn1c2c(=O)ssc2c2ssc(=O)c21,0
CCCNc1nc(Cl)nc(NCc2cccnc2)n1,0
COC(=O)c1ccc(C#Cc2ccccc2)o1,0
CN(Cc1ccccc1)C1CC(=O)N(c2ccc(F)cc2)C1=O,0
Nc1ccc2[nH]c(-c3ccncc3)nc2c1,0
O=C(NCC1CC1)c1cc([N+](=O)[O-])cc([N+](=O)[O-])c1,0
O=C(/C=C/N1CCOCC1)c1cccnc1,0
O=[N+]([O-])c1cccc(/C=N/CCc2ccncc2)c1,0
O=[N+]([O-])c1cccc(/C=N/CCc2ccncc2)c1,0
O=[N+]([O-])c1cccc(/C=N/CCc2ccncc2)c1,0
O=[N+]([O-])c1cccc(/C=N/CCc2ccncc2)c1,1
CCOC(=O)c1ccc2nc(N)sc2c1,0
CC1=NN(c2cccc(Cl)c2)C(=O)/C1=C\NNc1cccc(Cl)c1,1
CC1=NN(c2cccc(Cl)c2)C(=O)/C1=C\NNc1cccc(Cl)c1,1
Cc1ccc(C=C2C(=O)OC(C)(C)OC2=O)o1,0
Nc1c(Cl)cc(Cl)cc1C(=O)O,0
COc1ccc(OC)c(/C=N/NC(=O)CCNS(=O)(=O)c2ccc([N+](=O)[O-])cc2)c1,1
COc1ccc(C(=O)O/N=C2/C(=O)N(C)c3ccccc32)cc1,0
C/C(=C\c1ccc(C)cc1)[N+](=O)[O-],0
O=C1CC(N2CCOCC2)C(=O)N1c1cccc2ccccc12,0
CC(C)(C)c1ccc(-c2nnc(S)o2)cc1,0
Oc1ccc2ccccc2c1/C=N\C1CCCCC1,0
O=Cc1ccc2c(c1)Cc1ccccc1-2,0
Cc1ccc(C(=O)C=O)c(C)c1,0
COC(=O)CCCNS(=O)(=O)c1ccc([N+](=O)[O-])cc1,0
O=C1c2ccccc2C(=O)c2c1cc([N+](=O)[O-])c(O)c2O,0
Cc1oc2ccccc2c1/C=N/Nc1ccccc1,1
NCCC[n+]1ccc(-c2cc[n+](CI)cc2)cc1,1
O=Cc1cc(Cl)cc(Br)c1O,0
CCOC(=O)c1cc2c(nc1C)-c1ccc([N+](=O)[O-])cc1C2=O,0
COc1cc(C(=O)N/N=C/c2ccc([N+](=O)[O-])o2)cc(OC)c1OC,1
Cc1n[n+]2c([N+](=O)[O-])c(C)[n-]n2c1[N+](=O)[O-],1
O=[N+]([O-])c1ccc(-[n+]2noc([O-])n2)cc1,1
O=[N+]([O-])c1ccc(-[n+]2noc([O-])n2)cc1,1
O=[N+]([O-])c1ccc(-[n+]2noc([O-])n2)cc1,0
O=[N+]([O-])c1ccc(-[n+]2noc([O-])n2)cc1,1
O=[N+]([O-])c1ccc(-[n+]2noc([O-])n2)cc1,1
Cn1c(=O)cc(-c2ccccc2)c2ccccc21,0
O=C1CC(O)(C(F)(F)F)Oc2c1ccc1ccccc21,0
O=C(NNC1=C(C(=O)C(F)(F)F)CCC1)c1ccccn1,0
c1ccc2c(c1)NC1(CCCCCC1)S2,0
COC(=O)c1cc(C)c([N+](=O)[O-])cc1[N+](=O)[O-],0
O=C1C(=O)c2ccccc2-c2ccccc21,0
CC(C)C(=O)/C(=C/c1ccc(Cl)cc1Cl)n1cncn1,0
CC1(C)Cc2c(ccc3ccccc23)C=N1,0
CCC(CC)NC1=NS(=O)(=O)c2cc([N+](=O)[O-])ccc21,0
O=[N+]([O-])c1ccc(C2NCCS2)cc1,0
COC(=O)C(=O)/C=C(/NN(C)c1ccccc1)c1ccccc1,0
CCOC(=O)CNC1CC(=O)N(c2cccc(Cl)c2)C1=O,0
OC1(c2ccccc2)Oc2ccccc2N=C1c1ccccc1,0
O=C1ON=C(c2ccccc2)/C1=C/c1ccc(C(=O)O)cc1,0
Cn1cc(/C=C/[N+](=O)[O-])c2ccccc21,0
O=c1cc(-c2ccccc2)nc(-c2ccccc2)o1,0
CCC(=O)Nc1nc(CC)c(-c2ccc([N+](=O)[O-])o2)s1,0
N#CC(C#N)=CC1=NN(c2ccccc2)CC1,0
O=c1[nH]c(=O)c2cc([N+](=O)[O-])cc([N+](=O)[O-])c2[nH]1,0
Nc1nc(-c2cc([N+](=O)[O-])cc([N+](=O)[O-])c2)n[nH]1,0
COc1ccc2c(c1OC)C(=O)OC2OC(C)=O,0
O=C1C=CC(=O)N1c1ccc(Br)cc1,0
O=C1C=CC(=O)N1c1cc(Cl)ccc1Cl,0
Cc1cccc(N2C(=O)C=CC2=O)c1,0
O=C1NC(=O)/C(=C\c2ccccc2Br)S1,0
Cc1ccc(/C=C2/SC(=S)NC2=O)cc1,0
O=C(CCBr)NC(=O)Nc1ccc([N+](=O)[O-])cc1,0
CN1/C(=C/C=C/c2cc(-c3ccccc3)cc(-c3ccccc3)[o+]2)C(C)(C)c2ccccc21,1
N#Cc1c(-c2ccccc2)cc(-c2ccccc2)nc1Cl,0
O=C(/C(=N\c1ccccc1O)c1ccccc1)c1ccccc1,0
CCOC(=O)CNC1CC(=O)N(c2ccc(Cl)cc2)C1=O,0
O=C1NC(=S)S/C1=C\c1ccc(Cl)cc1Cl,0
O=C(N/N=C/c1cccc([N+](=O)[O-])c1)c1ccncc1,0
Cc1ccc(/N=C/c2ccc(Br)c([N+](=O)[O-])c2)cc1,0
Oc1ccccc1/C=N/c1nc[nH]n1,0
Oc1ccc(/C=N/c2ccccc2O)c(O)c1,0
Cc1nonc1N=Nc1nonc1C,0
O=C(/C=C/c1ccccc1)c1cc2ccccc2o1,0
Nc1nc2cc([N+](=O)[O-])ccc2s1,0
Oc1ccc2ccccc2c1/C=N\CC1CCCO1,0
Nc1nc2ncc([N+](=O)[O-])cn2n1,0
CCc1nnc(NC(=O)c2ccc([N+](=O)[O-])cc2)s1,0
O=C1OC(C[N+](=O)[O-])C(Br)=C1Oc1ccccc1,0
N#CCSc1nsc2sc(C#N)c(N)c12,0
COc1ccc(OC)c(NCc2ccc3nc(N)nc(N)c3c2Cl)c1,1
CC(C)CNC(=O)C(=O)NN=C1CCN(C)CC1,0
CCC(C)n1nc(NC=O)c([N+](=O)[O-])[n+]1[O-],0
O=C1C=CC(=NN2C(=O)c3ccccc3C2=O)C=C1,1
Brc1ccc2[nH]c3c(c2c1)CCCC3,0
O/N=C1/Nc2cccc3cccc1c23,0
Cc1ccc(/C=N/NC(=O)CNC(=O)c2ccco2)cc1,0
O=C(c1ccccc1)C1OC1(CBr)c1ccccc1,0
[O-]c1n[n+](-c2ccccc2Br)no1,0
COc1cccc(N2C(=O)CC(N3CCC(C)CC3)C2=O)c1,0
CC(=O)c1cccc(/N=C/c2ccc([N+](=O)[O-])s2)c1,0
O=C(c1ccccc1)c1cc(Cl)ccc1/N=C/c1ccc([N+](=O)[O-])s1,1
COc1ccc(/C=N/c2ccc(Nc3ccccc3)cc2)cc1O,0
COc1ccc(Nc2ccc(C(N)=O)c(=O)[nH]2)cc1,0
COc1cc(C=O)ccc1OC(=O)c1cccc(C)c1,0
c1cn2c3c(n1)CCCc3c1cc(C3CCCCC3)ccc12,0
Cc1cc(/C=C2\C=CC(=O)O2)oc1C,0
CC1=C(C)C(C)C(C)=C1c1ccc(-c2ccccc2)cc1,1
CC1=C(C)C(C)C(C)=C1c1ccc(-c2ccccc2)cc1,1
CC1=C(C)C(C)C(C)=C1c1ccc(-c2ccccc2)cc1,1
O=C(N/N=C/c1ccc([N+](=O)[O-])s1)C1CC1c1ccccc1,0
CCCCNC(=O)n1c(=S)oc2cc(Cl)ccc21,0
Cc1nn(C)c(C)c1/C=C/C(=O)c1ccc(Cl)cc1Cl,0
CC(C)c1ccc(/C=C2\SC(N3CCCCC3)=NC2=O)cc1,0
COc1cc(/C=C/[N+](=O)[O-])c(OC)c2c1OCO2,0
CCCCOc1ccccc1C(=O)NCCCCCC(=O)NN,1
O=C(/C=C/C(Cl)(Cl)Cl)c1ccccc1,0
O=[N+]([O-])c1cccc(/C=N/n2cnnc2)c1,0
O=[N+]([O-])c1cccc(/C=N/n2cnnc2)c1,0
O=[N+]([O-])c1cccc(/C=N/n2cnnc2)c1,0
O=[N+]([O-])c1cccc(/C=N/n2cnnc2)c1,1
OCn1nc(-c2ccc(Cl)cc2Cl)oc1=S,0
O=C1CC(N2CCCCC2)C(=O)N1c1ccc(F)cc1,0
Cc1ccc(N2C(N)=C(C#N)C(c3ccc(Br)s3)C3=C2CC(C)(C)CC3=O)cc1,1
COc1cc(/C(=N\O)C(C)[N+](=O)[O-])cc2c1OCO2,0
COc1ccc(CSc2cccc3cccnc23)cc1,0
NC(=O)C1CCN(C2CC(=O)N(c3ccc(F)cc3)C2=O)CC1,0
Cc1ccc(/C=N/NC(=O)CSc2ccccn2)cc1,0
O=C(CSc1ccccn1)N/N=C/C1CC=CCC1,0
CCc1sc(C=O)cc1[N+](=O)[O-],0
O=C(O)CNC(=O)C1CCCCC1,0
CC(CN(CCCO[N+](=O)[O-])[N+](=O)[O-])([N+](=O)[O-])[N+](=O)[O-],0
CN1C(=O)C(=Cc2cc([N+](=O)[O-])ccc2O)C(=O)N(C)C1=O,0
COC(=O)C(O)(NC(=O)CF)C(F)(F)F,0
O=C1C=C(N2CCOCC2)c2ccccc2C1=O,0
O=[N+]([O-])c1cc([N+](=O)[O-])c2cn[nH]c2c1,0
Cn1sc2cc([N+](=O)[O-])cc([N+](=O)[O-])c2c1=O,0
Oc1cccc(/C=N/c2ccc(Cl)c(Cl)c2)c1O,0
C[C@@]12CC[C@@H](O1)[C@H]1C=C[C@H](OC(=O)c3ccccc3)[C@H]12,0
N#C/C(=N\Nc1cccc(C(F)(F)F)c1)C(N)=S,0
Cn1nc(NCCC#N)c([N+](=O)[O-])[n+]1[O-],1
CCOC(=O)C/C(C)=N/Nc1nnc(C)n1N,0
O=[N+]([O-])c1ccc(/C=N/c2ccccc2)o1,1
CCOC(=O)Oc1cc2oc(=O)sc2cc1Cl,0
N#Cc1nc(Cl)c2sc(=O)sc2c1Cl,0
O=[N+]([O-])c1ccc2[nH]c(-c3ccc([N+](=O)[O-])o3)nc2c1,0
O=C(NNc1cccc([N+](=O)[O-])c1)c1ccc(F)cc1,0
O=C(NNc1cccc([N+](=O)[O-])c1)c1ccc(F)cc1,1
O=C(NNc1cccc([N+](=O)[O-])c1)c1ccc(F)cc1,0
CCOC(=O)C(=O)NNc1ccccc1I,1
CCOC(=O)C(=O)NNc1ccccc1I,1
O=C1NC(=S)S/C1=C/c1ccco1,0
Oc1ccc(/C=N/Nc2nnc(Cl)c3ccccc23)c(O)c1,0
CCOC(=O)/C(=N\Nc1ccccc1)NCc1ccccc1F,0
CC12C=CC(C)(O1)C1C(=O)N(c3ccc(F)cc3)C(=O)C12,1
O=C(Oc1cccc2cccnc12)c1cccc(S(=O)(=O)N2CCCCC2)c1,1
Oc1ccc(C(=S)N2CCOCC2)cc1O,0
CC1=NN(c2nc3ccccc3s2)C(=O)C1,0
O=C(COc1ccccc1)N/N=C\c1ccc([N+](=O)[O-])o1,0
O=C(O)c1ccc(F)c2ccccc12,0
O=C(O)C(=O)C(Cl)C(=O)c1ccc(Cl)cc1,0
Nc1nonc1C(=O)N/N=C/c1cc(Br)cc([N+](=O)[O-])c1O,1
COc1ccc(-c2cn3c(n2)sc2cc(C)ccc23)cc1,0
C/C(=N\NCCO)c1ccc([N+](=O)[O-])cc1,0
O=[N+]([O-])c1ccc(O)c(/C=N/c2ccc(-c3ccccc3)cc2)c1,0
C/C(Cn1nnc([N+](=O)[O-])n1)=N\NC(=O)c1n[nH]cc1[N+](=O)[O-],1
Clc1ccc(/N=c2\ssnc2Cl)cc1,0
CCN1CN2C(=O)N3CN(CC)CN4C(=S)N(C1)C2C34,0
Nc1ccc(-c2nc3cc4ccccc4cc3[nH]2)cc1,0
CCOC(=O)COc1ccccc1/C=C\[N+](=O)[O-],0
CCOC(=O)C(=O)NNc1ccc(OCC)cc1,0
CCOC(=O)C(=O)NNc1ccc(OCC)cc1,0
CCOC(=O)C(=O)NNc1ccc(OCC)cc1,0
CCOC(=O)C(=O)NNc1ccc(OCC)cc1,1
CCOC(=O)C(=O)NNc1ccc(OCC)cc1,1
O=[N+]([O-])c1cccc(/N=C/c2ccc([N+](=O)[O-])s2)c1,1
O=C(Nc1nc[nH]n1)C(F)(F)F,0
O=C(CSc1nc2ccccc2s1)N/N=C/c1ccccn1,1
O=C(CSc1nc2ccccc2s1)N/N=C/c1ccccn1,1
O=C(CSc1nc2ccccc2s1)N/N=C/c1ccccn1,1
NNc1ccc2c(Cl)cc(Cl)c(O)c2n1,0
CC(c1ccccc1)N1C(=O)NC2NC(=S)NC21,0
CN1CCN(C(=O)c2ccc([N+](=O)[O-])o2)CC1,0
O=C(Cc1ccccc1)N/N=C/c1cc([N+](=O)[O-])ccc1O,0
O=C(Oc1cccc2cccnc12)c1ccc([N+](=O)[O-])cc1[N+](=O)[O-],1
Cc1nc2c(n1-c1ccccc1)C(=O)c1nonc1C2=O,0
CC(OS(=O)(=O)c1ccc(N)cc1)C(F)(F)[N+](=O)[O-],0
CC(=O)N(/C=C1\Sc2ccccc2C1=O)c1cccc(C)c1,0
O=C(ON1C(=O)CCC1=O)c1ccc(-c2ccccc2)cc1,0
Cc1cc2nnc3c(N)c(C#N)c(N)nc3n2n1,0
O=C(/C=C/c1cccs1)CC(=O)C(F)(F)F,0
BrC(=C\c1ccccc1)/C=N/N(c1ccccc1)c1ccccc1,1
N#C/C(=C\c1ccccc1)C(=O)NCc1ccccc1,0
O=C1CSC(=S)N1c1cc([N+](=O)[O-])cc([N+](=O)[O-])c1,1
C=CCNc1nc(N)c(C(=O)c2ccccc2)s1,0
COc1cc(/C=N/c2ccc3ccccc3c2)cc(OC)c1OC,1
CCOC(=O)c1c(/N=C/c2ccc([N+](=O)[O-])o2)sc2c1CCC2,1
CCCCCCCCCSc1n[nH]c(N)n1,0
COc1ccc(NC(=O)C(=O)NN=C2CCCC2)c(OC)c1,0
NC(N)=Nc1nc(-c2c[nH]c3ccccc23)cs1,0
NC(N)=Nc1nc(-c2csc3ccccc23)cs1,0
O=C(Nc1nc[nH]n1)c1cc([N+](=O)[O-])ccc1Cl,0
CC12C=CC(O1)C1C(=O)N(c3ccc(F)cc3)C(=O)C12,0
Cc1ccc(-c2nn(CN3CCCCCC3)c(=S)o2)cc1,0
O=C1C2C3C=CC(CO)(O3)C2C(=O)N1c1ccccc1[N+](=O)[O-],0
CC12C=CC(O1)C1C(=O)N(c3cccc4ccccc34)C(=O)C12,0
CCCn1c2ccccc2c2nnc(SC(C)C)nc21,0
COc1ccc(N2C(=O)C3C4C=CC(C)(O4)C3C2=O)cc1,0
CC(=O)Oc1ccc2ccccc2c1/C=C/[N+](=O)[O-],0
CCOC(=O)c1c(/N=C(\C)Cn2nnc([N+](=O)[O-])n2)sc2c1CCC2,1
CC(CNC(=O)C(C)([N+](=O)[O-])[N+](=O)[O-])([N+](=O)[O-])[N+](=O)[O-],0
O=C(NCCC(F)([N+](=O)[O-])[N+](=O)[O-])C(F)([N+](=O)[O-])[N+](=O)[O-],1
Cc1ccc2nc(-c3ccc(/N=C/c4ccc([N+](=O)[O-])o4)cc3)sc2c1,1
CCOc1cccc(N2C(=O)CC(N3CCCCC3)C2=O)c1,0
Oc1ccc(-c2cnc3nonc3n2)cc1,0
Cc1ccc(-c2cnc3nonc3n2)cc1,0
COc1ccc2cc(-c3cnc4nonc4n3)ccc2c1,0
COc1ccc2cc(-c3nc4nonc4[nH]c3=O)ccc2c1,0
O=C(N/N=C/c1cccc([N+](=O)[O-])c1O)c1cccc(F)c1,0
COc1ccc(CC(=O)N/N=C(\C)c2ccc([N+](=O)[O-])o2)cc1,0
O=[N+]([O-])c1ccc(O)c(/C=N/c2cccc(CO)c2)c1,0
Cc1ccc(N2NC3(CCCCC3)NC2=S)cc1,0
C/C(=N\Nc1ccc2ccccc2n1)c1ccc(Cl)cc1,0
CCn1c(=O)c2c(cnn2C)c2cc([N+](=O)[O-])cc([N+](=O)[O-])c21,0
O=[N+]([O-])c1cc(-c2nc3ccccc3s2)cc([N+](=O)[O-])c1,0
O=c1[nH]sc2cc([N+](=O)[O-])cc([N+](=O)[O-])c12,0
CCN1C=NNC(=O)C1C,0
O=[N+]([O-])c1ccc2nc(N3CCCCC3)sc2c1,0
O=C1c2ccccc2-c2nc3nonc3nc21,0
CC1=Nc2c([N+](=O)[O-])c([N+](=O)[O-])nn2C1,0
O=C(c1ccccc1)C(Cl)c1ncc(-c2ccccc2)cn1,0
O=C(c1ccc([N+](=O)[O-])cc1[N+](=O)[O-])n1cnc2ccccc21,0
CC12C=CC(O1)C1C(=O)N(c3ccc4c(c3)OCO4)C(=O)C12,0
COC(=O)c1cccc(/C=N/N=C(/N)SC)c1O,0
CCOC(=O)CNC1CC(=O)N(c2ccc(F)cc2)C1=O,0
O=C(N/N=C/c1ccc(O)c2ncccc12)c1ccco1,0
N#CC(C#N)=Cc1cc(C=C(C#N)C#N)c(O)o1,0
Cc1cc(C)c(NC(=O)/C=C\C(=O)O)c(Cl)c1,0
O=C(CSc1ccccn1)N/N=C/c1cccc(F)c1,0
CC(=O)OC1(C#N)CN2CCC1CC2,0
O=C1CCCC(=O)C1=CNc1cccc2ccccc12,0
N#Cc1ccc(N2C(=O)C3C4C=CC(CO)(O4)C3C2=O)cc1,0
C(#Cc1ccc(/C=N/c2ccccn2)cc1)c1ccccc1,0
CC12C=CC(O1)C1C(=O)N(c3ccccc3C#N)C(=O)C12,0
Cc1nn(-c2ccccc2)c(Cl)c1/C=N/Nc1ccccc1,0
COc1ccc(/C=C2\C(=O)ON=C2C)cc1O,0
N#CC(C#N)=C1CSc2sc(=S)sc2SC1,0
O=[N+]([O-])c1ccc(/N=c2/ssnc2Cl)c([N+](=O)[O-])c1,0
Cc1ccc(C(=O)CC(NCC(=O)O)C(=O)O)cc1,0
CCCOc1ccc(N2C(=O)CC(N3CCCCC3)C2=O)cc1,0
CN(C)c1cccc(NC(=O)Cc2cccc3ccccc23)c1,0
Cc1cccc(O)c1/N=C/c1cc(Cl)cc(Cl)c1O,0
CC(C)(C)Cc1ccc(OCC(=O)O)c(CC(C)(C)C)c1,0
CC(NC(=O)c1ccc(Br)cc1)c1ccccc1,0
CSc1nn(CN2CCCCC2)c(=S)s1,0
Clc1nss/c1=N\c1nc2ccccc2s1,0
CN1CCCC/C1=N\C1=C(C#N)CCC1,0
O=C(CI)NCc1ccccc1,0
Cn1c([N+](=O)[O-])cnc1C(=O)NC1CCCCC1,0
COC1=C(N)C(=O)c2nc(-c3nc(C(=O)O)c(C)c(-c4ccc(OC)c(OC)c4O)c3N)ccc2C1=O,1
CC(C)(NO)/C(=N/O)c1ccccc1,0
CSC1SCC2C(=O)N(C)C(C(C)C)C(=O)OCC(NC(=O)c3cnc4ccccc4n3)C(=O)NC(C)C(=O)N(C)C1C(=O)N(C)C(C(C)C)C(=O)OCC(NC(=O)c1cnc3ccccc3n1)C(=O)NC(C)C(=O)N2C,1
O=C(Nc1nccs1)c1cc([N+](=O)[O-])cc([N+](=O)[O-])c1,0
CCC1=C/C(=C/N(C)c2ccccc2)C(=O)S1,0
COc1cccc(C2C(C#N)=C(N)Oc3cc(O)ccc32)c1,0
O=[N+]([O-])c1cc([N+](=O)[O-])c2cc[nH]c2c1,0
O=C(Nc1cccc2nc(C(F)(F)F)[nH]c12)C(F)(F)F,0
CCOc1ccc2nc(-c3ccc(OC)cc3)[nH]c2c1,0
COc1c(/C=C(\C)[N+](=O)[O-])cc2c(c1OC)OCO2,0
COC1=CC(=O)C(OC)C(=O)C1=O,0
COc1ccccc1-c1cc2c(O)cc([N+](=O)[O-])cc2[nH]1,0
CO[C@@]12[C@H](COC(N)=O)C3=C(C(=O)C(C)=C(N)C3=O)N1C[C@@H]1N[C@@H]12,1
Nc1c2c(nc3c1CC(c1ccccc1)C(=O)N3)CCCC2,0
Nc1c2c(nc3[nH]c4ccccc4c13)CCCC2,1
N#Cc1c(N)[n+]([O-])c2ccccc2[n+]1[O-],0
COC(C(=O)N/N=C/c1ccc([N+](=O)[O-])s1)c1ccccc1,0
Cc1ccc([N+](=O)[O-])cc1/N=C/c1cc([N+](=O)[O-])ccc1O,0
Cc1ccccc1NCn1c(=S)oc2ccc(Cl)cc21,0
Oc1ccccc1C1=NNC2(CC3CC2C2CCCC32)S1,0
Cc1c(N)cc(N)cc1NC(=O)c1ccccc1,0
CCCOc1ccc(N2C(=O)CC(N3CCOCC3)C2=O)cc1,0
COCc1cc(CN2CCOCC2)c(O)c2ncccc12,0
CCCOc1ccc(N2C(=O)CC(N3CCCC3)C2=O)cc1,0
CCOC(=O)/C(=N/Nc1ccccc1)NC1CCCCC1,1
Cc1ccc(O)c(/N=C/c2cc(Cl)cc([N+](=O)[O-])c2O)c1,0
Cc1ccc(-c2ccc(/C=C3\C=CC(=O)O3)o2)cc1,0
COc1ccc([N+](=O)[O-])cc1C1NN=C(c2ccccc2)S1,0
O=Cc1cc([N+](=O)[O-])cc(I)c1O,0
Clc1nss/c1=N\c1nncs1,0
O=C1C=C(c2ccc(Cl)cc2)C(=O)N1c1ccccc1Cl,0
COc1cccc(/N=C/c2cc(OC)cc([N+](=O)[O-])c2O)c1,0
NC(=O)c1cc([N+](=O)[O-])cc([N+](=O)[O-])c1N,0
CC1=NN(c2ccc(C)cc2)C(=O)/C1=C\NNc1ccc(C)cc1,1
CC1=NN(c2ccc(C)cc2)C(=O)/C1=C\NNc1ccc(C)cc1,1
CC1=NN(c2ccc(C)cc2)C(=O)/C1=C\NNc1cccc(Cl)c1,1
CC1=NN(c2ccc(C)cc2)C(=O)/C1=C\NNc1cccc(Cl)c1,1
CC(C)(C)OC(=O)Nc1ccccc1Cl,0
C/C(Cn1nnc([N+](=O)[O-])n1)=N\NC(=O)c1cccc([N+](=O)[O-])c1,1
O=Cc1ccc(-c2ccc(Cl)c(Cl)c2)o1,0
Cc1ccc(C(=O)Nc2nnc(C(F)(F)F)s2)cc1,0
Nc1ccc2[nH]c(-c3ccc(/N=C/c4cccc([N+](=O)[O-])c4)cc3)nc2c1,1
CC(=O)Cn1nc([N+](=O)[O-])n2ncnc12,0
CN1CCN(C2=C(N)C(=O)c3ccccc3C2=O)CC1,0
CN1CCN(c2c(F)cc3c(=O)c(C(=O)O)cn4c3c2SCC4)CC1,1
CCOC(=O)C1=C(CCl)OC(N)=C(C#N)C1c1cccnc1,0
O=C(C(=O)c1ccc([N+](=O)[O-])cc1)c1ccc([N+](=O)[O-])cc1,0
NC1CCN(c2nc3c(cc2F)c(=O)c(C(=O)O)cn3-c2ccc(F)cc2F)C1,1
CC(C)N1CCc2c(sc(N)c2C#N)C1,0
CC[C@H]1OC(=O)[C@H](C)[C@@H](O[C@H]2C[C@@](C)(OC)[C@@H](O)[C@H](C)O2)[C@H](C)[C@@H](O[C@@H]2O[C@H](C)C[C@H](N(C)C)[C@H]2O)[C@](C)(OC)C[C@@H](C)C(=O)[C@H](C)[C@@H](O)[C@]1(C)O,1
CO[C@H]1/C=C/O[C@@]2(C)Oc3c(C)c(O)c4c(O)c(c(C=NN5CCN(C)CC5)c(O)c4c3C2=O)NC(=O)/C(C)=C\C=C\[C@H](C)[C@H](O)[C@@H](C)[C@@H](O)[C@@H](C)[C@H](OC(C)=O)[C@@H]1C,1
N#CCC(=O)N/N=C/c1ccc(N2CCOCC2)o1,0
Cc1ccc(/C=C2\N=C(c3ccc(Cl)cc3)OC2=O)cc1,0
Oc1ccc(CCl)c2cccnc12,0
Clc1ccc(N/N=C/c2ccc(N3CCOCC3)cc2)cc1,0
C/C(Cn1nnc([N+](=O)[O-])n1)=N\c1sc2c(c1C#N)CCCC2,1
CO[C@H]1/C=C/O[C@@]2(C)Oc3c(C)c(O)c4c(O)c(c(C=NN5CCN(C6CCCC6)CC5)c(O)c4c3C2=O)NC(=O)/C(C)=C\C=C\[C@H](C)[C@H](O)[C@@H](C)[C@@H](O)[C@@H](C)[C@H](OC(C)=O)[C@@H]1C,1
N#CC(C#N)=Cc1cccc([N+](=O)[O-])c1,0
CCOC(=O)C(=Cc1ccccc1)C(C)=O,0
Oc1ccc(CCl)c2cccnc12,0
COc1ccc(OC)c2nc(Cl)c(C=O)cc12,0
Cc1ccc(C(=O)n2c(=O)oc3ccccc32)cc1,0
CCCC/C=N/NC(=O)c1cc([N+](=O)[O-])cc([N+](=O)[O-])c1,0
Nc1nonc1-[n+]1nc2nonc2[n-]1,1
[O-]c1n[n+](-c2ccc(Br)cc2)no1,0
[O-]c1n[n+](-c2ccc(Br)cc2)no1,0
[O-]c1n[n+](-c2ccc(Br)cc2)no1,0
CSC(=S)N/N=C(\c1ccccc1)c1ccccn1,0
O=C1c2cccc3cccc(c23)C(=O)N1c1nccs1,0
Cc1ccc(C(=O)Oc2cccc3cccnc23)cc1[N+](=O)[O-],0
O=[N+]([O-])c1cccc(/C=N/c2ccc3nccnc3c2)c1,1
O=[N+]([O-])c1cccc(/C=N/NC(=S)N2CCOCC2)c1,0
O=C1C(=O)c2ccc([N+](=O)[O-])c3c([N+](=O)[O-])ccc1c23,0
CN1CCC/C1=N\c1ccccc1C#N,0
Cc1cc(C(=O)Nc2nc[nH]n2)ccc1[N+](=O)[O-],0
O=C(Oc1cccc2cccnc12)c1ccc(Cl)c([N+](=O)[O-])c1,1
COC(=O)c1cc(Br)c(O)c(Br)c1,0
Cc1c(C(=O)Oc2cccc3cccnc23)cccc1[N+](=O)[O-],0
CC1=NN(C(=O)c2cccc(C)c2O)C(O)(C(F)(F)F)C1,0
COc1ccc2nc(C)cc(Nc3cc(C)ccc3C)c2c1,0
CN1C(=O)C(=Cc2ccc([N+](=O)[O-])cc2)C(=O)N(C)C1=O,0
CCCCCCCNC(=O)CC(CO)NCCCCCCC,0
Oc1ccc(/C=N/n2cnnc2)c(O)c1,0
O=C1C=CC(=O)N1c1ccc(O)cc1,0
O=[N+]([O-])c1cc([N+](=O)[O-])c(/C=N/O)c([N+](=O)[O-])c1,0
O=C1CCN(c2ccccc2)N1,0
CCCC1(CCC)NC(=S)N(c2ccccc2)N1,0
c1ccc(-c2csc(NN=C3CCCC3)n2)cc1,0
O=[N+]([O-])c1ccccc1NN=C1CCCCC1,0
Cc1ccc(C)c(N2C(=O)C3C4C=CC(O4)C3C2=O)c1,0
N/C(=C\C(=O)c1ccccc1)C(F)F,0
O=C1CC(N2CCCC2)C(=O)N1c1ccc(F)cc1,0
O=C1/C(=C\c2ccc(Cl)cc2)NC(c2ccccc2)=NN1c1ccccc1,1
O=C1/C(=C\c2ccc(Cl)cc2)NC(c2ccccc2)=NN1c1ccccc1,1
COc1c(Cl)c(/C(Cl)=N/O)c(Cl)c2c1OCO2,0
COc1ccc(/C=C2/NC(c3ccccc3)=NN(c3ccccc3)C2=O)cc1,1
COc1ccc(/C=C2/NC(c3ccccc3)=NN(c3ccccc3)C2=O)cc1,1
COc1cc(/C=C/[N+](=O)[O-])cc2c1OCO2,0
COc1c(CC#N)cc2c(c1OC)OCO2,0
N#CC(C#N)=NNc1ccccc1C(F)(F)F,0
COC(=O)C(C(=O)OC)C(=O)c1ccc(C)cc1,0
CCOc1ccc(/N=C/c2ccc([N+](=O)[O-])s2)cc1,0
COC(=O)C/C(CSc1ccccc1)=N\Nc1ccc([N+](=O)[O-])cc1,1
O=Cc1ccc(OC(=O)c2cc([N+](=O)[O-])cc([N+](=O)[O-])c2)cc1,0
CCCC(=O)n1c(=O)oc2cc(Br)ccc21,0
O=C(OCC1CCCCC1)c1cc([N+](=O)[O-])cc([N+](=O)[O-])c1,0
Cc1ccccc1C(c1c(C)n[nH]c1O)C(C#N)C#N,0
CC(C)OC(=O)CNS(=O)(=O)c1ccc([N+](=O)[O-])cc1,0
O=[N+]([O-])c1ccc2[nH]c(-c3ccccn3)nc2c1,0
O=[N+]([O-])c1cccc(/C=N/c2ccc(Cl)c([N+](=O)[O-])c2)c1,0
O=c1[nH]c2ccc(/N=C/c3ccc([N+](=O)[O-])o3)cc2[nH]1,1
c1ccc(CCCNc2ccnc3cc4ccccc4cc23)cc1,0
COc1ccc(C=C2C(=O)NC(=S)NC2=O)c(OC)c1,0
Nc1nc2cc([N+](=O)[O-])c([N+](=O)[O-])cc2[nH]1,0
C=CCNc1c([N+](=O)[O-])cc([N+](=O)[O-])c(C)c1[N+](=O)[O-],0
Nc1nc2cc([N+](=O)[O-])c([N+](=O)[O-])cc2[nH]1,0
CC1=NN(c2ccccc2)C(=O)/C1=C/c1ccc([N+](=O)[O-])cc1,0
CCN1C(=O)c2cc([N+](=O)[O-])cc3cc([N+](=O)[O-])cc(c23)C1=O,0
N#CC1=C(N)Oc2ccc([N+](=O)[O-])cc2C1c1ccc(N)cc1,0
CC(/C=C/c1ccccc1F)=N\NC(=O)c1cccc(F)c1,0
CC(C)=NNC(=O)CNC(=O)c1ccccc1Br,0
O=S(=O)(CC=C(Cl)Cl)Nc1ccccc1Cl,0
CN(C)c1ccccc1C(=O)/C=C\c1ccccc1,0
N#Cc1c(NC(=O)c2ccccc2Cl)sc2c1CCC2,0
O=C(NN=C1CCCC1)c1ccc([N+](=O)[O-])cc1,0
O=[N+]([O-])c1ccc2c(c1)Cc1cc([N+](=O)[O-])cc([N+](=O)[O-])c1-2,0
O=C(Nc1ccccc1Cl)OC/C=C/c1ccccc1,0
CC(NS(=O)(=O)c1ccc([N+](=O)[O-])cc1)c1ccccc1,0
CCC(=O)n1c(=O)oc2ccccc21,0
Nc1ccc(Oc2cccc(Oc3ccc(N)cc3)c2)cc1,0
O=C(COc1cccc([N+](=O)[O-])c1)N/N=C/c1cccs1,0
Cc1cc(C)nc(SCC(=O)c2ccc([N+](=O)[O-])cc2)n1,0
CCc1ccc(O)c(/N=C/c2ccc(Cl)c([N+](=O)[O-])c2)c1,0
O=C(Nc1ccncc1)c1ccc([N+](=O)[O-])cc1[N+](=O)[O-],0
Cc1ccc(NCC(=O)N/N=C/c2ccc([N+](=O)[O-])o2)cc1,0
COc1ccc(OC(=O)c2ccc(Cl)cc2)cc1,0
CC(=O)Nc1cccc(/N=C/c2ccc([N+](=O)[O-])s2)c1,0
O=C(Nc1ccc([N+](=O)[O-])cc1[N+](=O)[O-])c1ccco1,0
O=C(Nc1nc[nH]n1)c1cccc([N+](=O)[O-])c1,0
CCCCCSN1C(=O)c2ccccc2C1=O,0
COc1ccc([N+](=O)[O-])cc1C=C1C(=O)NC(=S)NC1=O,0
CCCC1C(C#N)=C(N)SC(N)=C1C#N,0
Cc1ccc(/C=N/NC(=O)CNc2ccccc2C)c(O)c1,0
O=[N+]([O-])c1cc([N+](=O)[O-])c(/C=N/c2ccccc2)c([N+](=O)[O-])c1,0
CC1CCCCN1Cn1nc(-c2ccccc2)oc1=S,0
Cc1ccc(-c2nn(CNc3ccccc3C)c(=S)o2)cc1,0
Oc1cccc(/C=N/c2cccc(O)c2)c1,0
CCCCC1(C)NC(=S)N(c2ccc(C)cc2)N1,0
O=C(Nc1ccccc1)O/N=c1\ssc2ccccc12,0
O=C1CCC(=O)N1CN1CCN(c2ccc([N+](=O)[O-])cc2)CC1,0
COc1ccccc1NS(=O)(=O)c1ccc2ccccc2c1,0
O=C(Nc1ccc(Cl)cc1)c1ccc(=O)oc1,0
CCCCS(=O)(=O)/C=C\C=C/S(=O)(=O)CCCC,0
Cc1ccc(N2NC3(CCCCCC3)NC2=S)cc1,0
Cc1cc(C)n2nc([N+](=O)[O-])c([N+](=O)[O-])c2n1,0
CC(C)CCC1(C)NC(=S)N(c2ccc(Cl)cc2)N1,0
Cn1c2ccncc2c2cc([N+](=O)[O-])ccc21,0
N#Cc1c2sc(=O)sc2nc2sc(=O)sc12,0
CN1C(=O)C(=Cc2cccc([N+](=O)[O-])c2O)C(=O)N(C)C1=O,0
Cc1ccc([N+](=O)[O-])cc1/N=C/c1ccc([N+](=O)[O-])o1,0
Cc1ccc(NC(=O)c2ccc([N+](=O)[O-])o2)cc1C,0
C/C(=N\Nc1ccccc1)c1ccccc1O,1
COc1ccc2c(c1)/C(=C1/SC(=S)NC1=O)C(=O)N2,0
Cc1ccc(C(=S)N2CCCCC2)cc1,0
O=C1C2C(C(=O)N1/N=C/c1ccc(O)cc1)C1C=CC2C12CC2,0
O=C1/C(=C/c2ccc(Br)o2)Sc2ccccc21,0
CN1CCC(=NNC(=O)CN(c2ccc([N+](=O)[O-])cc2)S(=O)(=O)c2ccccc2)CC1,1
O=C(Oc1ccc([N+](=O)[O-])c2cccnc12)c1ccc(Cl)cc1Cl,1
Oc1c(CN2CCOCC2)cc(Br)c2cccnc12,1
NC1=NN(c2ccccc2)CC1,0
O=[N+]([O-])c1cc(O)c(S)cc1O,0
Clc1ccc(Nc2nc3nonc3nc2Cl)cc1Cl,0
Cc1cccc(-c2nnc(NC(=O)c3ccc(Cl)cc3)o2)c1,0
COc1ccc(/C(C)=C2/SC(=S)N(CO)C2=O)cc1,0
C=CC1=Nc2ccccc2C(c2ccccc2)(c2ccccc2)N1,0
CCc1nc(NC(C)=O)sc1-c1ccc([N+](=O)[O-])o1,0
CC1(C)OC(=O)C(=C/C=C/c2ccco2)C(=O)O1,0
O/N=C1\CCCc2c1[nH]c1ccc(Cl)cc21,0
COC(=O)c1cc(Cl)c([N+](=O)[O-])cc1[N+](=O)[O-],0
CC1CCN(C2CC(=O)N(c3ccccc3)C2=O)CC1,0
O=C(Nc1nnc(-c2ccc([N+](=O)[O-])cc2)s1)c1ccco1,0
COc1ccccc1N1C(=O)C2C3C=CC(C)(O3)C2C1=O,0
CC1(C)ON=C(c2ccccc2)C1(Br)[N+](=O)[O-],0
N#CC(C#N)=C1c2cc([N+](=O)[O-])ccc2-c2c1cccc2[N+](=O)[O-],0
CN1/C(=C/C=C/c2cc(-c3ccc(Cl)cc3)cc(-c3ccc(Cl)cc3)[n+]2C)C(C)(C)c2ccccc21,1
N#CC1=C(N)SC(N)=C(C#N)C1c1ccc(F)cc1F,0
Nc1ccccc1OS(=O)(=O)c1ccc([N+](=O)[O-])cc1,0
O=C1Nc2ccccc2/C1=N/c1ccccc1O,0
CCCCN(C)C1CC(=O)N(c2ccccc2)C1=O,0
O=c1[nH]c(N/N=C/c2ccc(O)cc2O)nnc1Cc1ccccc1,1
CCCCCCCNC(=O)/C=C/NC(=O)[C@H](O)C(C)(C)CO,0
CC1=C(C)C(C)C(C)=C1c1ccc(-c2ccccc2)cc1,1
CC1=C(C)C(C)C(C)=C1c1ccc(-c2ccccc2)cc1,1
Cc1ccc(C(=O)/C=C/C(=O)O)cc1,0
O=[N+]([O-])c1ccc2[nH]c3c(c2c1)CCCC3,1
O=C(CCl)Nc1ccc(NC(=O)CCl)c(Cl)c1,0
C[C@H]1c2cccc(O)c2C(=O)C2C(=O)[C@]3(O)C(=O)C(C(N)=O)C(=O)[C@@H](N(C)C)[C@@H]3[C@@H](O)[C@@H]21,1
[O-]c1n[n+](-c2cccc(Cl)c2)no1,0
[O-]c1n[n+](-c2cccc(Cl)c2)no1,0
[O-]c1n[n+](-c2cccc(Cl)c2)no1,0
CCSc1nnc(NC(=O)c2cccc([N+](=O)[O-])c2)s1,0
CC1=NN(c2ccc(C)c(C)c2)C(=O)/C1=C\NNc1ccc(Cl)cc1,1
CC1=NN(c2ccc(C)c(C)c2)C(=O)/C1=C\NNc1ccc(Cl)cc1,1
CCN(CC)c1ccc(/N=C/c2ccc([N+](=O)[O-])s2)cc1,0
N=C(N)Nc1ccc(-c2ccc(-c3ccc(NC(=N)N)cc3Cl)o2)c(Cl)c1,1
CCOC(=O)COc1c(OC)cc([N+](=O)[O-])cc1[N+](=O)[O-],0
O=[N+]([O-])c1ccc(S(=O)(=O)c2ccccc2)cc1,0
O=C(N/N=C/c1ccc2cccnc2c1)c1ccco1,0
CC1=CC(=O)N(c2ccc([N+](=O)[O-])cc2)C1=O,0
S=C(c1ccc(Cl)cc1)N1CCOCC1,0
CC(C)=NNC(=O)CCNS(=O)(=O)c1ccc(Cl)cc1,0
CC(C)=NNC(=O)CCNS(=O)(=O)c1ccc(Cl)cc1,1
CC(C)=NNC(=O)CCNS(=O)(=O)c1ccc(Cl)cc1,1
CC/C(C)=N/NC(=O)CCNS(=O)(=O)c1ccc(Cl)cc1,1
CC/C(C)=N/NC(=O)CCNS(=O)(=O)c1ccc(Cl)cc1,1
O=C1CC(N2CCOCC2)C(=O)N1c1ccc(F)cc1,0
O=[N+]([O-])c1ccc2c(c1)S(=O)(=O)N=C2NCc1ccccc1,0
CCOC(=O)COc1ccc2ccccc2c1/C=C/[N+](=O)[O-],0
CCn1cc(C(=O)O)c(=O)c2cc([N+](=O)[O-])ccc21,0
CC1=C(n2nnc([N+](=O)[O-])n2)C(c2cccnc2)C(C#N)=C(N)O1,1
C(=N/Nc1ccccc1)\c1ccc(OCc2ccccc2)cc1,0
CCC(CC)=NNC(=O)C(=O)Nc1ccc(Cl)cc1C,0
O=[N+]([O-])c1ccc(Cl)c(O)c1,0
Nc1cc(Br)cc2cccnc12,0
CC(=O)Cn1nnc([N+](=O)[O-])n1,1
CC(=O)n1ncc2c([N+](=O)[O-])cc([N+](=O)[O-])cc21,0
CCC1CCCCN1C1CC(=O)N(c2ccccc2)C1=O,0
COc1cc(/C=C(\C)[N+](=O)[O-])cc(Br)c1O,0
Cc1ccc(-c2nn(CN3CC(C)OC(C)C3)c(=S)o2)cc1,0
O=[N+]([O-])C12C=CCC([N+](=O)[O-])(CN(CCO)C1)C2,0
O=C1CC(N2CCCC(CO)C2)C(=O)N1c1ccccc1,0
C/C(=C\c1ccccc1)[N+](=O)[O-],0
O=C(/C=C/c1ccco1)c1ccccc1,0
Nc1cc(Br)ccc1O,0
CCOC(=O)c1ccc([N+](=O)[O-])o1,0
CCC1CCCCN1Cn1nc(-c2ccc(C)cc2)oc1=S,0
Cc1ccc(-c2nn(CN3CCC(C)CC3)c(=S)o2)cc1,0
N#CC1=C(N)Oc2[nH]nc(C(F)(F)F)c2C1c1cccs1,0
COC(=O)/C(=C1\C(=O)N(c2ccccc2)N=C1C)C(F)(F)F,0
O=[N+]([O-])c1cc(O)c2ncccc2c1,0
COC(=O)c1ccc(N2C(=O)CC(N3CCCCC3)C2=O)cc1,0
CCCSc1nnc2c3ccccc3n(CCC)c2n1,0
Cc1c(/N=C/c2ccccc2)cc([N+](=O)[O-])cc1[N+](=O)[O-],0
O=c1oc2cc(Cl)c(O)c(Br)c2s1,0
COc1cccc(OC)c1C(=O)NC1CCCCC1,0
CN1C(=O)C(=Cc2ccc(O)c([N+](=O)[O-])c2)C(=O)N(C)C1=O,0
CC12C=CC(C)(O1)C1C(=O)N(c3ccccc3[N+](=O)[O-])C(=O)C12,0
COc1ccc(-c2nc3nonc3[nH]c2=O)cc1,0
S=c1[nH]c2c(Cl)c(Cl)c(Cl)cc2o1,0
Nc1ccc2nonc2c1[N+](=O)[O-],0
c1ccc(NNc2nncc(-c3ccccc3)n2)cc1,0
S=c1oc(-c2ccccc2)nn1CN1CCCC1,0
CCC(CO)N1CC2([N+](=O)[O-])C=CCC([N+](=O)[O-])(C1)C2,0
S=C1NC2(CCCCC2)NN1c1ccc(Cl)cc1,1
N/C(=N\[N+](=O)[O-])NNc1ccccc1,0
N/C(=N\[N+](=O)[O-])NNc1ccccc1,0
N/C(=N\[N+](=O)[O-])NNc1ccccc1,0
N/C(=N\[N+](=O)[O-])NNc1ccccc1,1
Clc1ccc(C(=C2CN3CCC2CC3)c2ccc(Cl)s2)s1,1
O=C(CCl)N1CCN(c2ccc([N+](=O)[O-])cc2F)CC1,0
COC(=O)CSc1cc([N+](=O)[O-])cc([N+](=O)[O-])c1C#N,0
COC(=O)c1c(CSC(=N)N)nc2n(Cc3ccccc3)c3ccccc3n12,1
Cc1ccc(S(=O)(=O)C=C(Cl)Cl)cc1,0
Cc1ccc(C2=NNC3(CCCCCCC3)S2)cc1,0
CC1CN(C2CC(=O)N(c3ccccc3)C2=O)CC(C)O1,0
CC1CC(C)CN(C2CC(=O)N(c3ccccc3)C2=O)C1,0
Cc1ccc(C2=N/C(=C\c3ccc4ccccc4c3)C(=O)O2)cc1,0
O=C1C=CC(=O)N1c1ccccc1Cl,0
Cc1ccc(Cl)cc1N1C(=O)C2C3C=CC(CO)(O3)C2C1=O,0
Cc1ccc(N2C(=O)C=CC2=O)c(C)c1,0
Cc1cc(O)c(C(C)C)cc1N,0
CC1CN(c2ccccc2)NC1=O,0
C[C@H]1COc2c(C3(N)CC3)c(F)cc3c(=O)c(C(=O)O)cn1c23,1
O=c1c(=Nc2ccccc2O)c(=O)c2ccccc12,0
CC1(C)Cc2ccccc2/C(=C/c2ccc3ccccc3n2)N1,0
Cc1ccc(/C=C2\C(=O)ON=C2c2ccccc2)o1,0
CC1=CC(=O)/C(=C(\C)Nc2ccccc2)C(=O)O1,0
Cc1ccc(-c2cc(-c3ccccc3Cl)[nH]n2)c(O)c1,0
c1nc2ncn3c(c-2n1)SCCC3,0
COc1ccc(N=Nc2c(N)no[n+]2[O-])cc1,0
Cc1ccc([N+](=O)[O-])cc1/N=C/c1cccc([N+](=O)[O-])c1,0
CCSc1sc([N+](=O)[O-])cc1C=O,0
CCCNC(=O)C(=O)N/N=C/c1ccccc1OC,0
N#CCSc1nc(N)c(C#N)c(-c2cccc(F)c2)c1C#N,0
Cc1ccc(N2NC(=O)/C(=C\c3cccc([N+](=O)[O-])c3)C2=O)cc1C,1
Cc1ccc(N2NC(=O)/C(=C\c3cccc([N+](=O)[O-])c3)C2=O)cc1C,1
O=C(Nc1ccccc1)Oc1ccc2oc(=O)sc2c1,0
Cc1ccc(-c2cnc3ccccc3n2)c(C)c1,0
C(=C1c2ccccc2-c2ccccc21)c1ccccn1,0
Cc1ccc(NC(=O)/C(C#N)=C(\N)C(Cl)(Cl)Cl)nc1,0
O=C(O)CCc1nc2ccccc2oc1=O,0
COC(=O)CSc1sc(=O)sc1SCC#N,0
O=C(NC(=S)NNC(=O)c1cccs1)c1cccnc1,0
C/C(Cn1nnc([N+](=O)[O-])n1)=N/NC(=O)c1cccnc1,1
CC1CN(c2ccc([N+](=O)[O-])cc2)CC(C)O1,0
CN(C)/C=N\c1ccc2nonc2c1,0
O=C(O)CCCCSc1nc2ccccc2s1,0
[O-][S+]1NN(c2ccccc2)[S+]([O-])NN1c1ccccc1,0
N#Cc1c(Cl)nc(NN)c(Cl)c1Cl,0
Cc1cccc(-n2nn[nH]c2=S)c1,0
COc1ccc(N2C(=O)CC(N3CCC(O)CC3)C2=O)cc1,0
COc1ccccc1/C=C1\C(=O)ON=C1C,0
CN(C)C(=O)c1c([N+](=O)[O-])cc([N+](=O)[O-])cc1[N+](=O)[O-],0
Cc1c(Cl)cccc1-c1ccc(C=O)o1,0
C[C@H]1COc2c(N3CCN(C)CC3)c(F)cc3c(=O)c(C(=O)O)cn1c23,1
CCCCCCCNC(=O)CCNC(=O)C(O)C(C)(C)CN,0
CCN(CC)C(=O)C1CCCN(c2ccc([N+](=O)[O-])cc2)C1,0
Oc1c(Cl)cc(CN2CCCC2)c2cccnc12,0
Cc1[nH]nc2c1C1(C(=O)Nc3ccccc31)C(C#N)=C(N)O2,0
COC(=O)c1sc2cc([N+](=O)[O-])cc([N+](=O)[O-])c2c1N,0
O=C(N/N=C/c1ccc(O)c2ncccc12)c1ccc(F)cc1,0
O=C(Cc1ccccc1)N/N=C/c1ccc(O)c2ncccc12,0
O=C(CCc1ccccc1)N/N=C/c1ccc(O)c2ncccc12,0
O=[N+]([O-])c1ccc2nc(NC3CCCCCCC3)sc2c1,0
CCC(=O)N1c2ccc(C)cc2C2=NNC(=S)NC21O,0
CN(CCc1ccccn1)C1CC(=O)N(c2ccccc2)C1=O,0
N#Cc1ccccc1N1C(=O)C2C3C=CC(CO)(O3)C2C1=O,0
CC1CN(CN2C(=O)/C(=N\c3ccc4ccccc4c3)c3ccccc32)CC(C)O1,1
Cc1cc(N2CCCCCC2)c(F)cc1[N+](=O)[O-],0
COc1ccc(C2C(C#N)=C(N)SC(N)=C2C#N)cc1,0
CCN(CC)N=Nc1n[nH]c2nc(C)cc(C)c12,0
Cc1cc(C)c2c(N=NN3CCCCC3)n[nH]c2n1,0
CC(=O)C(=NNc1c([N+](=O)[O-])n[nH]c1[N+](=O)[O-])C(C)=O,0
C/C(=N\OC(=O)c1ccccc1)c1cccs1,0
C/C(Cn1nnc([N+](=O)[O-])n1)=N\NC(=O)c1c(F)cccc1F,1
C/C(=N\OC(=O)c1ccco1)c1cccs1,0
NC(=S)NN=C1CSc2sc(=O)sc2SC1,0
CCC1(CC)NC(=S)N(c2ccc(C)cc2)N1,1
Cc1ccc(N2NC3(CCC(C)CC3)NC2=S)cc1,0
Nc1cc(N)c(N)nc1N,0
c1coc(-c2nc3ccccc3[nH]2)c1,0
Nc1nnc(-c2cccc([N+](=O)[O-])c2)s1,0
O=c1[nH]c2c(Br)c(Cl)c(Cl)cc2o1,0
O=[N+]([O-])c1ccc2c(c1)S(=O)(=O)N=C2N1CCCCC1,0
COc1cccc(/C=C2/SC(=O)NC2=O)c1,0
Cc1ccc(/C=C2\N=C(c3ccccc3C)OC2=O)cc1,0
CC(C)c1nnc(NC(=O)CCl)s1,0
c1cc(N=C2CCCC2)c2cccc(N=C3CCCC3)c2c1,0
Cc1ccc(Nc2nc3nonc3[nH]c2=O)cc1C,0
Cc1ccc(OCC(=O)Nc2ccccc2C(N)=O)cc1,0
COc1nc2n[nH]c(N)c2c(-c2ccccc2)c1C#N,0
Cn1c([N+](=O)[O-])cnc1C(=O)OC1CCCCC1,0
CC1=C(C(=O)OC(C)(C)C)C(c2ccccc2)C(C#N)=C(N)O1,0
COc1ccc(CCl)c2cccnc12,0
COc1ccc(/C=C/c2cc3c(cc2OC)OCCO3)cc1O,0
Nc1cnn(C2OC(CO)C(O)C2O)c(=O)n1,0
COC(=O)c1cc(O)c(=O)c2c(O)c(O)ccc2c1,0
O=C(Nc1ncn[nH]1)c1ccc(Br)cc1,0
CC(=O)Oc1cc2oc(=O)cc(C)c2cc1OC(C)=O,0
O=C1NC(=S)NC(=O)C1=Cc1cccc(Br)c1,0
Oc1ccc(Br)cc1/C=N/Cc1ccccc1,0
O=C1Nc2ccc(Br)cc2/C1=N/c1cccnc1,0
Oc1c(Cl)cc(Br)cc1/C=N/c1ccccc1,0
COc1cccc(/N=C/c2cccc([N+](=O)[O-])c2O)c1,0
CCCCCCCCCCCNC(=O)c1ccc(NC(=O)c2cccc(C)c2)cc1,1
Cc1ccc2cc(/N=C/c3cccc([N+](=O)[O-])c3O)ccc2n1,0
[O-][n+]1c(CO)c(CO)[n+]([O-])c2ccccc21,0
CCCC1(CC)NC(=S)N(c2ccc(C)cc2)N1,1
CCCC1(CC)NC(=S)N(c2ccc(Cl)cc2)N1,1
CCC1(c2ccc(Cl)cc2)NC(=S)N(c2ccccc2)N1,0
Cc1ccc(C(=O)CSC#N)o1,0
CN1C(=O)C(=Cc2c(O)ccc3ccccc23)C(=O)N(C)C1=O,0
CCC1(c2ccccc2)NC(=S)N(c2ccc(Cl)cc2)N1,1
Cc1cc(C(=O)Nc2ccc(N(C)C)cc2)c(C)o1,0
CC1(c2ccco2)NC(=S)N(c2ccccc2)N1,0
O=C1CCN(c2ccc(Br)cc2)N1,0
O=C1CCN(c2ccc(Br)cc2)N1,0
O=C1CCN(c2ccc(Br)cc2)N1,0
O=c1c(Cl)c(Cl)cnn1C12CC3CC(CC(C3)C1)C2,0
O=[N+]([O-])c1cc([N+](=O)[O-])c2cnn(CN3CCCOC3)c2c1,0
O=Cc1ccc(OCc2cccc(Cl)c2)cc1,0
CCCCC1(CC)NC(=S)N(c2ccccc2)N1,1
O=[N+]([O-])c1ccc(C2N(Cc3ccccc3)CCCN2Cc2ccccc2)o1,1
O=[N+]([O-])c1nn2cccnc2c1[N+](=O)[O-],0
Cc1c([N+](=O)[O-])cc(S(=O)(=O)N(C)C)cc1[N+](=O)[O-],0
O=C(O)COc1ccc(Cl)cc1CCl,0
COC(=O)c1cc2ccccc2c(N)c1O,0
O=Cc1ccc(OCc2cccc(F)c2)cc1,0
O=Cc1cccc(OC(=O)c2ccccc2)c1,0
Nc1nonc1-n1nnc(C(=O)N/N=C/c2ccc([N+](=O)[O-])o2)c1-c1ccccc1,1
CN(C)[C@@H]1C(=O)C(C(N)=O)C(=O)[C@@]2(O)C(=O)C3C(=O)c4c(O)cccc4[C@@](C)(O)[C@H]3[C@H](O)[C@@H]12,1
CCOC(=O)/C(Cl)=N/Nc1ccc(OC)cc1,0
O=C(Nc1ccccc1[N+](=O)[O-])c1[nH]ncc1[N+](=O)[O-],0
Nc1nonc1-c1noc(-c2ccc([N+](=O)[O-])cc2Cl)n1,0
Cc1[nH]c2ccc(Cl)cc2c1CCN,0
CCC(C(=O)n1nnc2ccccc21)c1ccccc1,0
NNc1nncn1N,0
Cc1nnc(NN)n1N,0
C(=C/c1nnc2ccc3ccccc3n12)\c1ccco1,0
O=C(CCN1CCOCC1)c1ccc(Cl)cc1,0
Cc1nc2cc(N)ccc2[nH]1,0
COC(=O)c1sc(C(=O)OC)c(O)c1O,0
O=[N+]([O-])c1ccc(/C=N/c2ccc(F)cc2)o1,1
NNC(=O)c1nonc1N,0
CC(C)c1ccc(/C=C2\C(=O)ON=C2c2ccccc2)cc1,0
CC(C)c1ccc(/C=C2\C(=O)ON=C2c2ccccc2)cc1,0
CCn1cc(C(=O)O)c(=O)c2cc(F)c(N3CCN(C)CC3)cc21,1
CCCCOc1ccc(NC(=O)CS)cc1,0
Cc1cc2nc(Nc3nc(C)c(C)c(=O)[nH]3)nc(C)c2cc1C,0
CC1CCCN(c2ccc([N+](=O)[O-])cc2-c2nnn[nH]2)C1,0
COC(c1cccs1)c1c(C)[nH]c2ccccc12,0
[O-][n+]1onc2cc(Cl)c(Cl)cc21,0
COC(=O)CN/N=C/c1ccc([N+](=O)[O-])cc1[N+](=O)[O-],0
CC1COc2c(N3CCN(C)CC3)c(F)cc3c(=O)c(C(=O)Nc4ccc(-c5n[nH]c(=S)o5)cc4)cn1c23,1
Cc1ccc2occ(C3N[C@H](C(=O)O)CS3)c(=O)c2c1,0
NNc1ccc(Cl)c(Cl)c1,1
Cc1c(Cl)cccc1NN,0
NNc1ccc(F)cc1,1
Cc1ccccc1NN,0
Cc1c([N+](=O)[O-])c2nsnc2c2nsnc12,0
C=CCNc1c([N+](=O)[O-])nn(C)[n+]1[O-],0
Fc1ccccc1Nc1nc2nonc2n2nnnc12,0
[N-]=[N+]=Nc1nonc1NC(=O)CCl,0
COc1c(Cl)c(/C(Cl)=N/O)c(OC)c2c1OCO2,0
CCCCCC1(C)NC(=S)N(c2ccc(Cl)cc2)N1,1
CCCCCC1(C)NC(=S)N(c2ccc(Cl)cc2)N1,1
CCCCCC1(C)NC(=S)N(c2ccc(Cl)cc2)N1,0
S=C1NC2(CCCCCC2)NN1c1ccc(Cl)cc1,1
N#Cc1c(N)sc2c1CCC2,0
O=C(O)/C=C/c1ccc([N+](=O)[O-])o1,0
Nc1ccc([N+](=O)[O-])c2nonc12,0
COc1cccc(C2N(c3ccccc3)N=C(C(C)=O)N2c2ccc(C)c(C)c2)c1OCc1ccccc1,1
CNc1ccc(SC#N)cc1,0
O=C(O)c1ccc2nc3c(nc2c1)-c1cccc2cccc-3c12,0
CC1CC(O)(c2ccccc2)C(C)CN1C,0
O=c1[nH]sc2cc([N+](=O)[O-])ccc12,0
NNc1ccc(Cl)cc1Cl,0
NNc1ccc(Cl)cc1Cl,0
NNc1ccc(Cl)cc1Cl,0
NNc1cccc(Cl)c1,1
CC1=CC(=O)C(N2CCOCC2)=CC1=O,0
Cc1cc2c(cc1[N+](=O)[O-])-c1ncccc1C2=O,0
COc1cccc2c1OC(c1ccccc1)C([N+](=O)[O-])=C2,0
O=[N+]([O-])c1cc(Cl)c2cccnc2c1O,1
N=C(NNc1ccccc1)C(N)=O,1
N=C(NNc1ccccc1)C(N)=O,1
N=C(NNc1ccccc1)C(N)=O,1
O=C(O)/C=C/C(=O)Nc1cccc(I)c1,0
O=C1NC(=O)N(C2CCCCC2)C(=O)/C1=C/c1cccc(O)c1,0
CCCCCCCCCOC(=O)C[N+](C)(C)CCOC1CC2CCC1(C)C2(C)C,1
O=[N+]([O-])c1ccc2no[n+]([O-])c2c1,0
O=Cc1cc(N=Nc2ccccc2Br)ccc1O,0
CC1C(C#N)(C#N)C(C#N)=C(N)C1(Cl)[N+](=O)[O-],0
NNc1ccccc1Cl,1
NNc1cccc(Cl)c1Cl,0
CC/C(=N\Nc1ccc(F)cc1)c1ccc(N2CCOCC2)c(F)c1,1
O=C1CSC(=S)N1Nc1ccccc1,0
CN(C)c1ccc(/C=C/[N+](=O)[O-])cc1,0
N=c1nc(S)ss1,0
O=C(Cl)c1ccc2c(c1)no[n+]2[O-],0
N#Cc1cc(NCC2CCCO2)c([N+](=O)[O-])cc1C#N,0
O=C1c2cccc3cccc(c23)C(=O)N1C1CCCCCC1,0
O=[N+]([O-])c1cc(F)c(N2CCCC2)cc1Br,0
COC(=O)CCn1cc(F)c(N)nc1=O,0
CC(C)C1Nc2c(O)cc(Cl)c([N+](=O)[O-])c2C2C=CCC21,0
Cc1nonc1C(=O)N/N=C/c1cc(Cl)cc(Cl)c1O,0
CN(C)P(=O)(NNc1ccccc1)NNc1ccccc1,0
NNc1ccc(Cl)c([N+](=O)[O-])c1,0
NNc1ccccc1Br,1
NNc1ccccc1Br,1
NNc1ccccc1Br,1
NNc1ccc(Br)cc1,1
NNc1ccc(Br)cc1,1
NNc1ccc(Br)cc1,1
NNc1ccc(Cl)cc1,1
NNc1ccc(Cl)cc1,1
NNc1ccc(Cl)cc1,1
CCc1ccc(NN)cc1,0
N#CC1(C#N)C(c2ccccc2)N1c1ccccc1,0
COc1ccc(/C=C/[N+](=O)[O-])cc1,0
O=C(O)C1CCCc2c1[nH]c1ccc(Br)cc21,0
Cc1nn(-c2ccccc2)c2sc(C(=O)O)cc12,0
Nc1c(Cl)cc(N2C(=O)C=CC2=O)cc1Cl,0
O=[N+]([O-])c1ccc(N2CCCCC2)cc1,0
c1cc2c3c(c1)ccc[n+]3CO2,0
Nc1ccc2c(c1)oc1ccccc12,0
CCOC(=O)c1[nH]c(C=O)c(C(=O)OCC)c1C,0
C/C(Cn1nnc([N+](=O)[O-])n1)=N\NC(=O)c1ccncc1,1
O=C(CC(=O)C(F)(F)F)c1ccc(Br)cc1,0
CCCSc1ccc2nc(NC(=O)OC)[nH]c2c1,0
N#Cc1cc(N)c([N+](=O)[O-])cc1C#N,0
[N-]=[N+]=Nc1nonc1-c1nnc(-c2nonc2N=[N+]=[N-])o1,0
O=[N+]([O-])Nc1ccc(Br)cn1,0
Nc1ncc([N+](=O)[O-])cc1[N+](=O)[O-],1
O=Cc1cc(Br)ccc1OC(=O)c1cccs1,0
O=C(c1ccc([N+](=O)[O-])cc1[N+](=O)[O-])N1CCCCC1,0
COc1ccc(C(=O)c2ccc([N+](=O)[O-])cc2)cc1,0
[O-][n+]1onc2cc(Br)ccc21,0
COc1ccc2c(c1)no[n+]2[O-],0
COc1ccc(C2(O)CC(=O)C(=O)N2c2ccccc2)cc1,0
CC1c2cccc(O)c2C(=O)C2C(=O)C3(O)C(=O)C(C(N)=O)C(=O)C(N(C)C)C3C(O)C21,1
CN(C)[C@@H]1C(=O)C(C(N)=O)C(=O)[C@@]2(O)C(=O)C3C(=O)c4c(O)ccc(Cl)c4[C@@](C)(O)[C@H]3C[C@@H]12,1
O=C(c1ccccc1)c1ccc([N+](=O)[O-])cc1[N+](=O)[O-],0
O=[N+]([O-])/C(=C\Sc1ccccn1)c1ccccc1,0
COc1ccc(/C=C/C(=O)O)cc1,0
CN1C(=O)/C(=N/OC(=O)c2cccc(F)c2)c2ccccc21,0
O=Cc1cc(N=Nc2nonc2-c2ccccc2)ccc1O,0
Cc1cccc(NC(=O)c2cc([N+](=O)[O-])cc([N+](=O)[O-])c2)n1,0
CC(=O)NC1=C(N)C(=O)c2ccccc2C1=O,1
COC(=O)Cn1sc2cc([N+](=O)[O-])ccc2c1=O,0
C1=C(c2ccccc2)Nc2nonc2N=C1c1ccccc1,0
CC1=NN(C(C#N)c2cccc([N+](=O)[O-])c2)C(C)(C)C1,1
CCOc1cc(C=O)cc([N+](=O)[O-])c1O,0
CCOC(=O)c1c(Cl)nc(Cl)c([N+](=O)[O-])c1Cl,0
Nc1nonc1-c1noc(-c2cc([N+](=O)[O-])cc([N+](=O)[O-])c2)n1,0
Cc1ccccc1COc1ccccc1C=O,0
O=[N+]([O-])c1ccc(N2CCNCC2)cc1NCc1ccco1,0
Cc1cc(C)c(S(=O)(=O)Nc2cc(C)on2)c(C)c1,0
Cc1nc2ccccc2nc(C)c1=NO,0
CCCCOc1ccc(N2C(=O)CC(Cl)C2=O)cc1,0
O=C1c2cccc3cccc(c23)C(=O)N1c1cccc([N+](=O)[O-])c1,0
Nc1cc([N+](=O)[O-])cc2sn(-c3ccccc3)c(=O)c12,0
O=C(Oc1c(Cl)cc(Cl)c2cccnc12)N1CCCCC1,1
O=C(Oc1c(Cl)cc(Cl)c2cccnc12)N1CCCCC1,1
CC(C)(C)c1cc(C(F)(F)F)[nH]n1,0
[O-][n+]1onc2cc(Br)cnc21,1
[O-][n+]1onc2cc(Br)cnc21,1
[O-][n+]1onc2cc(Br)cnc21,1
c1ccc2cc(Cn3cnc4ccccc43)ccc2c1,0
CC1CCCC2(C1)NC(=S)N(c1ccc(Cl)cc1)N2,0
CC1CCCC2(C1)NC(=S)N(c1ccc(Cl)cc1)N2,1
CC1CCCC2(C1)NC(=S)N(c1ccc(Cl)cc1)N2,1
O=c1c2nnn(Cc3ccccc3)c2ncn1Cc1ccccc1,0
CCc1ccccc1N1C(=O)C=CC1=O,0
FC(F)(F)c1nc2c(Cl)cc(Cl)cc2[nH]1,0
COc1ccc2nc(C)cc(Nc3ccccc3O)c2c1,0
CSc1ccccc1NC(=O)c1ccccc1O,0
COC(F)(C(=O)Oc1cc([N+](=O)[O-])cc2cccnc12)C(F)(F)F,1
O=C(Cn1nnc(-c2ccccc2F)n1)N1CCCCC1,0
CSc1ccc(/C=C2/C(=O)ON=C2c2ccccc2)cc1,0
CC1=NOC(=O)/C1=C\c1cccs1,0
O=C(O)c1cc(NC(=O)c2ccco2)cc(C(=O)O)c1,0
CCOc1cc(OCC)c([N+](=O)[O-])cc1[N+](=O)[O-],0
CN(C)c1c[nH]c(=O)[nH]c1=O,0
O=C(O)CCSc1ccccc1,0
Cc1c([N+](=O)[O-])no[n+]1[O-],0
CCCCSCCCCCCC(=O)O,0
O=C(c1cccs1)c1cc(Br)ccc1O,0
O=[N+]([O-])c1ccc(C2OCOCC2Br)cc1,0
CCc1ccc(C(c2c(C)n[nH]c2O)C(C#N)C#N)cc1,0
CC1CCN(c2ccc([N+](=O)[O-])cc2)CC1,0
Cn1ccc(C(=O)N/N=C/c2ccc([N+](=O)[O-])o2)n1,0
Cc1ccc(N2C(=O)CC(Sc3nnc[nH]3)C2=O)cc1,0
Cc1ccccc1NC(=O)c1c(N)sc2c1CCCC2,0
COc1ccc([N+](=O)[O-])cc1-n1cnnn1,0
N/C(=C\C(=O)/C=C/c1cccs1)C(Cl)(Cl)Cl,0
COc1ccc(CC(=O)N2CCc3ccccc32)cc1OC,0
CCN1C(C)=C(C)S/C1=C1\SC(=S)N(N)C1=O,0
Cc1nc2ccccc2n1Cc1ccc(Cl)cc1,0
O=[N+]([O-])c1cc(CN2CCCC2)c2cccnc2c1O,0
CCC1(CC)NC(=S)N(c2nc(-c3ccccc3)cs2)N1,0
CCCC1C(=O)CC(C#N)(C#N)C(C#N)(C#N)C1C,0
CC1(C)Cc2ccccc2C2=NNC(=O)C2=N1,0
CC1(C(=O)NNc2ccccc2)CC1(Cl)Cl,0
CC1(C(=O)NNc2ccccc2)CC1(Cl)Cl,1
CC1(C(=O)NNc2ccccc2)CC1(Cl)Cl,1
CC(=O)c1c(C)[n+]([O-])c2ccc(C)cc2[n+]1[O-],0
O=C1CCC2(O1)OC(=O)c1ccccc12,0
C/C(=C\c1c[nH]c2ccccc12)[N+](=O)[O-],0
O=C1C2=C(C(=O)c3ccccc31)N1CCCN=C1S2,1
CC1(C)OC(=O)OC1(Br)CBr,0
CC(=O)N1c2ccccc2NC(=O)CC1C,0
Cc1cc(C)c2nc3nc(C)cc(C)c3c(N)c2c1,0
Cc1cc(C)c(/C=C/c2cc(C(F)(F)F)[nH]c(=O)n2)cc1C,0
O=c1c2ccc([N+](=O)[O-])cc2sn1-c1ccccc1,0
CC(=O)N1CCC(=O)N(C(=O)c2ccccc2)c2ccccc21,0
CCCCCCCC[S+]([O-])CCC(=O)O,0
CCCCCCCCSCCC(=O)O,0
O=C(CCl)C(=O)Nc1ccccc1,0
CC1(CCc2ccccc2)NC(=S)N(c2ccccc2)N1,1
O=Cc1cc(Cl)cc(Cl)c1OC(=O)N1CCOCC1,0
Nc1nonc1[N+](=O)[O-],1
Nc1nonc1N=[N+]([O-])c1nonc1N,0
O=C(O)c1c([N+](=O)[O-])cc([N+](=O)[O-])cc1[N+](=O)[O-],1
O=C(O)Cc1c([N+](=O)[O-])cc([N+](=O)[O-])cc1[N+](=O)[O-],0
NC(=O)c1c([N+](=O)[O-])cc([N+](=O)[O-])cc1[N+](=O)[O-],0
O=[N+]([O-])c1cc([N+](=O)[O-])c(CCO)c([N+](=O)[O-])c1,0
[O-][n+]1onc2c3no[n+]([O-])c3c3c(no[n+]3[O-])c21,0
O=[N+]([O-])c1cc([N+](=O)[O-])c2nsnc2c1,0
NNc1nc(NCc2ccccc2)nc(Nc2ccccc2)n1,0
N#CC1=C(N)Oc2[nH]nc(-c3cccs3)c2C1c1ccco1,0
NNc1ccc(OC(F)(F)F)cc1,0
Cc1[nH]c2c(Cl)c(Cl)ccc2c1CCN,0
Cc1[nH]c2c(Cl)ccc(Cl)c2c1CCN,0
Cc1[nH]c2c(C)ccc(F)c2c1CCN,0
O=C(CCl)N1c2ccccc2Sc2ccc(Cl)cc21,0
Cc1ccc(C2NC(=O)c3ccccc3N2)o1,0
O=C1NC(c2cccs2)Nc2ccccc21,0
CCc1ccc2c(c1)S(=O)(=O)C(C(F)(F)F)CO2,0
Fc1nc(N2CCNCC2)c(F)c(Sc2ccc(Cl)cc2)c1F,1
O=C(O)Cc1c(C(=O)O)[nH]c2ccccc12,0
O=C1C(Cl)=C(Cl)C2(OCCO2)C1Cl,0
O=C(c1c(Cl)nc(Cl)c(Cl)c1Cl)n1ccnc1,0
COc1ccc2[nH]c(C)c(CCNS(=O)(=O)c3cc(C)c(OC)cc3C)c2c1,1
C#CC(C)(CC)NS(=O)(=O)c1ccc(C)c(C)c1C,0
O/N=C(\CBr)c1ccccc1,0
CC1(C)CC(NCc2cccc([N+](=O)[O-])c2)CC(C)(C)N1,0
Cc1ccccc1-n1sc2ccccc2c1=O,0
Cc1ccc2[nH]c(C)c(CCN)c2c1,0
CCN(CC)C1CC(=O)N(c2cccc([N+](=O)[O-])c2)C1=O,0
COc1nsc(S(C)(=O)=O)c1C#N,0
Cn1ccnc1S(=O)(=O)c1ccc([N+](=O)[O-])cc1,0
Cc1cc(Cl)c2c(N)c(C)cc(C)c2n1,0
COC(F)(C(=O)Nc1nc2ccccc2s1)C(F)(F)F,0
CCOc1ccc(S(=O)(=O)NCc2ccncc2)cc1,0
Cc1cc(N)n(-c2ccc(OC(F)(F)Cl)cc2)n1,0
COc1cccc(C=O)c1OC(=O)c1ccco1,0
Cc1ccc(C)n1-c1ccc(N2CCNCC2)c([N+](=O)[O-])c1,0
CC1(C)Cc2c(ccc3ccccc23)C(CCl)=N1,0
[O-][n+]1onc2cc(Cl)ccc21,0
O=C(O)c1ccc2c(c1)no[n+]2[O-],0
O=[N+]([O-])c1cccc2c1no[n+]2[O-],1
O=c1c2ccc([N+](=O)[O-])cc2[s+]([O-])n1-c1ccccc1,0
O=C(c1ccc([N+](=O)[O-])cc1[N+](=O)[O-])N1CCOCC1,0
Cc1ccc(NC(=O)c2c(N)sc3c2CCC3)cc1,0
NCCNc1ccc([N+](=O)[O-])c2cccnc12,0
c1csc(CNCc2cccs2)c1,0
O=[N+]([O-])c1nonc1NCn1cnnn1,1
Cc1[nH]c2ccc(Br)cc2c1CCN,0
O=[N+]([O-])[C-]([N+](=O)[O-])[S+](c1ccccc1)c1ccccc1,0
C[N+](C)(C)CC(F)([N+](=O)[O-])[N+](=O)[O-],0
CCN(CC)C1CC(=O)N(c2ccc([N+](=O)[O-])cc2)C1=O,0
CN(C)c1ccc([N+](=O)[O-])c(N=[N+]=[N-])c1,0
O=[N+]([O-])c1ccc(S(=O)(=O)Cl)cc1[N+](=O)[O-],0
c1ccc2c3c([nH]c2c1)CCNC3,0
CCN(CC)C(=S)Nc1ccc(C(=O)O)cc1,0
c1ccc(-c2noc(-c3ccc(OC4CNC4)cc3)n2)cc1,0
CC1CC(C)CN(c2ccc(-n3cnnn3)cc2[N+](=O)[O-])C1,0
Clc1ccccc1/C=N/Nc1ccccc1,0
Cc1[nH]c2c(F)cccc2c1CCN,0
O=Cc1cccc(OC(=O)c2ccc3c(c2)OCO3)c1,0
O=Cc1cccc(OC(=O)c2ccc3c(c2)OCO3)c1,1
O=Cc1cccc(OC(=O)c2ccc3c(c2)OCO3)c1,0
O=C(/C=C/c1ccc([N+](=O)[O-])o1)n1cccn1,0
O=C(O)C1CSC(c2cccc([N+](=O)[O-])c2)N1,0
O=C1CC(N2CCC(O)CC2)C(=O)N1c1ccc(Cl)cc1,0
COC(=O)Oc1cc2oc(=O)sc2cc1Br,0
O=C(CCCO)N/N=C/c1cc(Br)ccc1O,0
O=c1c2ccc([N+](=O)[O-])cc2sn1Cc1ccccc1,0
COc1ccc(/C=C/[N+](=O)[O-])cc1O,0
Cc1ccc(-n2cc3c(=O)n(CC(=O)O)cnc3n2)cc1,0
Cc1cnc(C2CNC2)n1C1CC1,0
c1ccc(COCCc2noc(C3CNC3)n2)cc1,0
CC1CCC(C(C)C)C(OC(=O)C[N+](C)(C)CCOC2CC3CCC2(C)C3(C)C)C1,1
O=C(/C=C/c1ccco1)Nc1ccc(Cl)cc1C(=O)O,0
OC1CCCc2c1[nH]c1ccc(Br)cc21,0
c1cncc(-c2ccc3c(c2)CNCCO3)c1,0
CC(=O)n1c(=O)n(C(C)=O)c2cc(Br)ccc21,0
NCCNc1cccc2ccccc12,0
O=C(O)CCc1ccc(-c2ccccc2)o1,0
CC(=O)n1ncc2c([N+](=O)[O-])cc([N+](=O)[O-])cc21,0
Nc1nonc1-n1[n-]c2c([N+](=O)[O-])cc([N+](=O)[O-])cc2[n+]1=O,0
Cc1cc(=O)oc2c3c(ccc12)OC(=O)/C3=N/O,0
NC(=O)c1ccc2c(c1)no[n+]2[O-],0
CN1C(=O)NC(=O)/C(=C/c2ccc([N+](=O)[O-])s2)C1=O,0
CSc1cccc(NC(=O)/C=C\C(=O)O)c1,0
Cc1cnc(Cc2ccccc2)nn1,0
C#CCNC(=O)c1cc([N+](=O)[O-])cc([N+](=O)[O-])c1,0
C#CCNC(=O)c1ccc([N+](=O)[O-])cc1Cl,0
C#CCNC(=O)c1ccc([N+](=O)[O-])o1,0
CC12C=CC(C)(O1)C1C(=O)N(c3ccccc3C#N)C(=O)C12,0
[O-][n+]1onc2c1c1no[n+]([O-])c1c1no[n+]([O-])c21,0
CCN1C(=O)/C(=C/c2ccc([N+](=O)[O-])s2)C(=O)NC1=S,0
N#CC1=C(N)OC2=C(C(=O)CCC2)C1c1ccc([N+](=O)[O-])o1,0
CC(=O)NNc1ccc(Cl)c(Cl)c1,0
CC(=O)NNc1ccc(Br)cc1,0
CC(=O)NNc1ccc(Br)cc1,0
CC(=O)NNc1ccc(Br)cc1,0
CC(=O)NNc1ccc(Br)cc1,1
CC(=O)NNc1ccc(Br)cc1,1
CC(=O)NNc1ccc(C)cc1,0
CC(=O)NNc1ccc(C)cc1,0
CC(=O)NNc1ccc(C)cc1,0
CC(=O)NNc1ccc(C)cc1,1
CC(=O)NNc1ccc(C)cc1,1
O=C1C=C/C(=N/Nc2ccccc2Cl)c2cccnc21,0
COc1cc(/C=N\Nc2nncn2N)ccc1OC(C)=O,0
O=[N+]([O-])c1nonc1-c1nnc(-c2no[n+]([O-])c2O)o1,0
Cc1ccccc1NC(=O)C(=S)N/N=C/c1ccc([N+](=O)[O-])o1,1
Cc1cnc(-c2cccnc2)n1CC12CC3CC(CC(C3)C1)C2,0
CCOC(=O)c1cnc(SCC)[nH]c1=O,0
S=c1sc2c(s1)SCCCS2,0
CC1(C)OC(=O)C(C(c2ccco2)C(C#N)C(N)=O)C(=O)O1,0
NC1=NC(=O)C(F)(C(F)(F)F)S1,0
CCOC(=O)c1c(C)[nH]c2ccc(OC)cc12,0
Nc1c(Cl)cc(NC(=O)/C=C/C(=O)O)cc1Cl,0
CON1C(=O)c2ccccc2Oc2cc([N+](=O)[O-])cnc21,0
N#Cc1c(N)[n+]([O-])c2ccc(Br)cc2[n+]1[O-],0
O=[N+]([O-])c1cc2nonc2c2nn[nH]c12,0
O=[N+]([O-])c1ncn(CCO)c1[N+](=O)[O-],0
O=C(O)C1CSC(c2cccc(O)c2O)N1,0
Cc1ccc(F)cc1NC(=O)/C=C/c1ccc([N+](=O)[O-])o1,0
COC(=O)c1c(Cl)nc(Cl)c([N+](=O)[O-])c1Cl,0
O=C1Oc2ccccc2C(=O)/C1=C/c1c[nH]c2ccccc12,0
Cc1ccc2c(c1)[n+]([O-])c(C#N)c(N)[n+]2[O-],0
O=Cc1ccccc1OC(=O)c1cccs1,0
Cn1sc2cc([N+](=O)[O-])ccc2c1=O,1
CCOc1ccc(-c2nn(CN3CCCC3)c(=S)o2)cc1,0
COc1ccc2nc(Cl)c(C=O)cc2c1,0
COc1ccc(-c2cnc3nonc3n2)cc1,0
O=c1[nH]n(-c2ccc(Cl)cc2)c(=O)c2ccccc12,0
O=[N+]([O-])c1cc([N+](=O)[O-])c2[nH]ncc2c1,0
O=C(Nc1ccccc1C(=O)O)c1ccc2nsnc2c1,0
NNc1ccc(I)cc1,1
NNc1ccc(I)cc1,1
NNc1ccc(I)cc1,1
NNc1ccc(Br)cc1F,1
NNc1ccc(Br)cc1F,1
NNc1ccc(Br)cc1F,1
CCCCC1(C)NC(=S)N(c2ccc(Cl)cc2)N1,0
CCCCC1(C)NC(=S)N(c2ccc(Cl)cc2)N1,1
CCCCC1(C)NC(=S)N(c2ccc(Cl)cc2)N1,1
O=C1OC(=O)C2C3c4ccccc4C(c4ccccc43)C12,0
CC1CN(Cc2cc([N+](=O)[O-])c3cccnc3c2O)CC(C)O1,0
CC(=O)Oc1cc(C)ccc1C(O)(C(F)(F)F)C(F)(F)F,0
N#CCc1ccc(NC(=O)/C=C/c2ccc([N+](=O)[O-])o2)cc1,0
COc1ccc(OC)c(N2C(=O)NC(=O)/C(=C\c3ccc([N+](=O)[O-])s3)C2=O)c1,1
N#CC1=C(C#N)SC(C#N)=C(C#N)S1,0
CCCCCCCN1N=C(C)C(C(=O)c2ccccc2)C1=O,0
Cc1cc(Cl)nc(Cl)c1C(=O)Nc1ccccc1F,0
COC(=O)C(O)(NC(=O)OCc1ccccc1)C(F)(F)F,0
COC(=O)C(O)(NC(=O)OC(C)(C)C)C(F)(F)F,0
Cc1cc(O)c(Cl)cc1C(O)(C(F)(F)F)C(F)(F)F,0
CC1(CCC(=O)O)NC(=S)N(c2ccccc2)N1,1
COC(=O)CCC(=O)CN1C(=O)c2ccccc2C1=O,0
CC(C)=NNc1nc2ccccc2nc1NN=C(C)C,0
c1ccc(-c2cnc3nonc3n2)cc1,0
c1ccc(-c2cnc3nonc3n2)cc1,0
c1ccc(-c2cnc3nonc3n2)cc1,0
O=C(N/N=C/c1cc([N+](=O)[O-])ccc1O)C(O)c1ccccc1,0
NC(NC(=O)c1ccccc1)=C([N+](=O)[O-])[N+](=O)[O-],0
O=C(CN(C1=NCCCCC1)c1ccc(Br)cc1)c1ccc(C2CCCCC2)cc1,1
O=C(c1ccc(Cl)cc1)n1c(=O)oc2ccccc21,0
O=C(OCc1ccccc1)N1CC(Cc2ccccc2)C(O)O1,0
Oc1ccccc1/C=N/OCO/N=C/c1ccccc1O,0
O=C(OCC1CCCCC1)c1ccc([N+](=O)[O-])cc1[N+](=O)[O-],0
Cc1n[nH]c(O)c1C(c1cccc([N+](=O)[O-])c1)C(C#N)C#N,0
CCN(CC)CCC(=O)c1ccc(OC)c(OC)c1,0
CC(=O)c1ccc(N2C(=O)C3C4C=CC(CO)(O4)C3C2=O)cc1,0
COc1cc(C)ccc1CO/N=C(\N)c1nonc1N,0
Cc1nc2cccc(C(=O)Oc3cc(C(C)C)ccc3C)c2o1,0
O=S(=O)(Nc1ccc(O)c2ccccc12)c1ccccc1,0
NC(=S)N/N=C1/c2ccccc2-c2nc3nonc3nc21,0
O=C(O)c1ccc(O)c(/C=N/c2cccc(Cl)c2Cl)c1,0
CCOc1cc(/C=C(\C)[N+](=O)[O-])cc(Br)c1O,0
c1ccc2[nH]c(-c3cscn3)nc2c1,0
CN1CCc2[nH]c(=S)c(C#N)c(-c3cccs3)c2C1,0
Cc1cccc(N2CCN(c3cccc(C)c3)C2c2ccco2)c1,0
CC(=O)OC(OC(C)=O)c1ccc([N+](=O)[O-])s1,1
O=C(O)C1CCCc2c1[nH]c1ccc(Cl)cc21,0
CCOc1cc(C(=S)N2CCCCC2)ccc1O,0
Cc1cccc(O)c1/N=C/c1cc(C(=O)O)ccc1O,0
CN(Cc1ccccc1)C(=O)c1ncc([N+](=O)[O-])n1C,0
C1CCCN(c2nonc2-[n+]2nc3nonc3[n-]2)CC1,0
c1cc(-c2ccc3c(c2)CNCCO3)ccn1,0
CCOc1cccc2c(C)nc(NC(=N)N)nc12,0
Cc1n[n+]2c(C(=O)O)c(C)[n-]n2c1[N+](=O)[O-],0
COC(=O)C(=O)CC(=O)c1ccco1,0
Oc1ccc2ccccc2c1-[n+]1nc2nonc2[n-]1,0
Cc1ccc(/N=C/c2ccc(OCc3ccccc3)cc2)c(O)c1,0
O=[N+]([O-])c1ccc(Nc2nccs2)c([N+](=O)[O-])c1,0
O=c1[nH]nc2nc(N3CCCCC3)nc(N3CCCCC3)n12,0
Cc1cc(O)c(/N=C/c2ccc(Cl)c([N+](=O)[O-])c2)cc1C,0
O=Cc1cccc(OC(=O)c2cccc(Br)c2)c1,0
O=[N+]([O-])c1ccc(O)c(/C=N/c2nc[nH]n2)c1,0
O=Cc1cnc(C2CC2)n1Cc1ccccc1,0
Cc1ccc2c(c1)-c1cc(C)nn1-c1ncccc1O2,0
CN(C)P1(=O)Nc2ccccc2S1,0
Cc1ccsc1/C=N/N1C(=O)CSC1=S,0
CCS(=O)(=O)c1ccc(Cl)c([N+](=O)[O-])c1,0
CC1(C)OC(c2cccc([N+](=O)[O-])c2)Nc2ccccc21,0
CCCCCCCCCCCC[N+]1(CCNC(=O)c2nc(Cl)ccc2Cl)CCCCC1,1
S=C1CCSC(=S)N1,0
O=C(O)CCc1ccc(-c2cccs2)o1,0
CC(=O)c1c(Nc2ccc(F)cc2)oc(C)cc1=O,0
Oc1c(Cl)cc(Cl)c2c1NCCC2,0
Fc1ccccc1C1NCc2ccccc2-n2cccc21,0
O=C(N/N=C/c1ccc([N+](=O)[O-])o1)c1cccc([N+](=O)[O-])c1,0
Cc1cc(C)c2c(=O)[nH]sc2n1,0
CCOC(=O)C1=C(C)OC(N)=C(C#N)C1c1ccc(Cl)cc1,0
Cc1ccc(S(=O)(=O)c2ccccc2)cc1S,0
CCCCSN1C(=O)c2ccccc2C1=O,0
CCCCCC(=O)Nc1sc2c(c1C(N)=O)CCCC2,0
CO[C@H]1/C=C/O[C@@]2(C)Oc3c(C)c(O)c4c(O)c(/c(=C/NN5CCN(C)CC5)c(O)c4c3C2=O)=N\C(=O)/C(C)=C\C=C/[C@H](C)[C@H](O)[C@@H](C)[C@@H](O)[C@@H](C)[C@H](OC(C)=O)[C@@H]1C,1
Oc1ccc(Cl)cc1/C=N/c1nc[nH]n1,0
O=[N+]([O-])/C(Br)=C\c1cccc([N+](=O)[O-])c1,1
CC(=O)Nc1ccc2c(c1)COC2=O,0
Cc1ccc(N2NC(C)(CC(C)C)NC2=S)cc1,0
Cc1sc(/N=C/c2ccc([N+](=O)[O-])cc2)c(C#N)c1C,0
Cc1ccc(C(=O)O/N=C2/C(=O)N(C)c3ccccc32)cc1,0
COC(=O)Cn1sc2cc([N+](=O)[O-])cc([N+](=O)[O-])c2c1=O,0
O=C(Oc1cccc2cccnc12)c1cccc(Cl)c1,0
CCCCS(=O)(=O)/C=C\C=C\S(=O)(=O)CCCC,0
Cc1ccc(O)c(/N=C/c2ccc(OCc3ccccc3)cc2)c1,0
COc1ccccc1N1C(=O)C=CC1=O,0
O=C(O)/C=C\C(=O)Nc1ccccc1C#Cc1ccccc1,0
COc1cccc(/C=N/c2c(C)cccc2O)c1O,0
[O-]c1n[n+](-c2ccccc2C(F)(F)F)no1,0
O=C(Oc1c(Cl)cc(Cl)c2cccnc12)c1ccco1,0
Cc1cc(C(=O)Oc2cccc3cccnc23)ccc1[N+](=O)[O-],1
CC[C@H]1OC(=O)[C@H](C)[C@@H](O[C@H]2C[C@@](C)(OC)[C@@H](O)[C@H](C)O2)[C@H](C)[C@@H](O[C@@H]2O[C@H](C)C[C@H](N(C)C)[C@H]2O)[C@](C)(O)C[C@@H](C)CN(C)[C@H](C)[C@@H](O)[C@]1(C)O,1
N1=N\c2nonc2/N=N\c2nonc2/1,0
O=C(N/N=C\c1ccc([N+](=O)[O-])o1)c1ccccc1[N+](=O)[O-],0
O=C(Nc1ccc(Cl)cc1)Nc1ccc(Cl)c(Cl)c1,0
COc1cc([N+](=O)[O-])cc([N+](=O)[O-])c1C(N)=O,0
CC12C=CC(O1)C1C(=O)N(c3ccccc3[N+](=O)[O-])C(=O)C12,0
Cc1ccc(NCn2nc(-c3ccc(C)cc3)oc2=S)cc1,0
O=C(NC1CC1)c1cc([N+](=O)[O-])cc([N+](=O)[O-])c1,0
CCc1ccc(O)c(/N=C/c2cccc([N+](=O)[O-])c2O)c1,0
CCOc1ncc(C(=O)NCC(C)(O)C(C)C)cc1Cl,0
O=C1C=CC(=O)N1Cc1ccc(Cl)cc1,0
CC(C)c1ccoc1C(=O)N(C)c1cc(C#N)ccn1,0
CN(CCOc1ccc(Cl)cc1)C(=O)C(C)(C)CN,0
OCC1(O)CCCN(c2ccnc3ccc(Cl)cc23)C1,0
OCc1ccncc1NCc1coc2ccccc12,0
O=C(NCc1cccs1)c1cnsn1,0
OCCCNc1ccnc2ccc(Cl)cc12,0
NC(=O)C1CCN(c2ccnc3cc(Br)ccc23)C1,0
NCC(=O)N1CCCC(CCc2ccc(F)cc2F)C1,0
NCC(=O)N(Cc1cccs1)Cc1cccs1,0
COc1cccc(-c2ncc(CN)s2)c1,0
COc1ccc(-c2ccnc(CO)c2)c(OC)c1,0
c1cc(CNc2ncnc3[nH]ncc23)c2c(c1)OCO2,0
O=S1(=O)CCC(CNc2ccnc3ccc(Cl)cc23)C1,0
C[C@@H](N)C(=O)NCc1cc2cc(Cl)ccc2[nH]1,0
NC1CCN(c2ccccc2F)CC1,0
NCc1cnn(-c2cccc(Cl)c2)c1,0
NCCNC(=O)c1ccc(-c2ccc(Cl)cc2)s1,0
N#Cc1ncn(CC(=O)c2ccc3c(c2)CCO3)n1,0
CCNCCOc1cccc(OCC)c1,0
CNC(CO)c1cccc(Cl)c1Cl,0
Brc1ccc2c(c1)OCCNC2,0
NCC1CCOc2ccccc21,0
Cc1ccc(C(=O)NCc2ccnc(N(C)C)c2)s1,0
CC(C)(N)CN1CCN(c2cccc(Cl)c2)CC1,0
CCOc1cc(Cl)ccc1CN,0
CCc1nnc(NC(=O)c2cc(OC)ccn2)s1,0
CC(Nc1ccc(C#N)cn1)c1ccc2c(c1)OCO2,0
NS(=O)(=O)NCCCc1ccc(Br)cc1F,0
CN1CCCN(c2nc3ccccc3cc2CO)CC1,0
CN(Cc1ccc(Cl)cc1)C(=O)C1CCNC1,0
O=C(Nc1ccncc1)c1coc(Br)c1,0
COc1ccc(NC(=O)c2ccc(S(N)(=O)=O)o2)cc1,0
O=C(Nc1ccnc(CO)c1)c1ccc(F)cc1I,0
N#Cc1cc(N2CCC[C@@H]2CO)nc2ccccc12,0
Cn1cc(CC(=O)Nc2ccc(I)cn2)cn1,0
OC1(CNCc2ccc(Br)c3cccnc23)CCOC1,0
NCCC(=O)N1CCCC(CCc2ccc(F)cc2)C1,0
NCC(=O)N1CCCC(CCc2ccc(F)cc2)C1,0
CCCc1cc(C(=O)NCCc2nc(C)c[nH]2)[nH]n1,0
COCC(C)NCc1ccccc1CN1CCCC1=O,0
COc1ccc2c(c1)CCCC(=O)N2,0
Cc1cc(Br)cc(C(=O)NCc2nccc(N)n2)c1,0
CNC(=O)C1CCN(C(=O)Nc2ccc(C)c(Cl)c2)C1,0
CCCOc1ccccc1C(=O)NC1CCNC1,0
CNC(=O)Cn1cc(-c2cccc3cnccc23)cn1,0
Cc1nnc(SCC(=O)NCCCc2csc(N)n2)s1,0
CN(C)C(=O)CCNc1ccnc2ccc(Cl)cc12,0
CC(C)CNC(=O)CSc1n[nH]c(-c2ccccn2)n1,0
CCCSc1ccc(NC(=O)NCCN)cc1,0
NCC(=O)N1CCCC(CCc2ccc(F)c(F)c2)C1,0
CCCn1cnnc1CNC,0
Nc1nc(-c2ccc3c(c2)CCCC(=O)N3)cs1,0
CC(C)NC(=O)NCC1(N2CCOCC2)CCSC1,0
COCC(O)CNc1c(C)c(C)nc2ccccc12,0
CCCOc1ccc(NS(=O)(=O)N(C)C)cc1Cl,0
Cc1cc(C)c(C#N)c(N2C[C@H](C3CC3)[C@@H](N)C2)n1,0
Cc1cc(C(=O)NC2CCC(=O)NC2)cc(Cl)c1Br,0
C[C@@]1(N)C[C@H]1c1ccccc1,0
Cc1ncc(C)c(N)n1,0
O=C(NC[C@H]1CCCN1)c1ccc2cccc(Cl)c2n1,0
Cc1ccc(C)c2c(=O)cc(CN3CCC(N)C3)[nH]c12,0
c1cc2c(cc1C1=NN=C(NC3CC3)SC1)OCCO2,0
CCC(C)(C)NC(=O)c1nnn(-c2ccccc2)c1C,0
CN(C)C(=O)CNC(=O)NCc1cc(F)ccc1Br,0
NC1CSCc2c(F)cccc21,0
Cc1cccc(OCCc2noc(C3CNC3)n2)c1,0
OC[C@@H]1CCCN1Cc1ccc(F)c2cccnc12,0
Clc1cccnc1N1CCC(Nc2cccnc2)CC1,0
CC(=O)c1ccc(NC(=O)CCc2cccs2)nc1,0
CCCNc1nc(C)c(C(C)=O)s1,0
O=C(c1ccc(Br)s1)N1CCN(c2ccccn2)CC1,0
Ic1nnnn1-c1ccccc1,1
N[C@@H]1CCCc2c(F)cc(F)cc21,0
NCCc1cccc2cc[nH]c12,0
N#CC(c1ccc(Br)cc1)N1CCNCC1,0
NCC(O)c1ccc(Cl)c(Cl)c1,0
Cc1cccc(S(=O)(=O)NC2CCNC2)c1Cl,0
CCOc1ccc(Cl)cc1CCNS(=O)(=O)N(C)C,0
CN(C)CCC(=O)c1ccc(F)cc1,0
COc1cc(F)cc(NCC(=O)NCc2ccco2)c1,0
CCS(=O)(=O)NCC(N)c1ccc(C(C)C)cc1,0
Fc1cccnc1OC1CCNCC1,0
NCC1Cc2ccccc21,0
NCC1CCN(Cc2cccc(F)c2)CC1,0
Cc1ocnc1C(=O)Nc1ccc2c(c1)NCCC2,0
COc1ccc(CNCCCSc2nnnn2C)cc1,0
CCC(C#N)NC(=O)c1cnc(OC(C)C)c(Cl)c1,0
CN(Cc1ccc(O)cc1)C(=O)c1cc(Cl)c[nH]1,0
CC(C)CCC(=O)N[C@@H]1CN(C)C[C@H]1CN(C)C,0
Cc1cc(N2CCN(CCO)CC2)nc2ccccc12,0
CNCC(=O)NC(C)c1nc(-c2ccc(Br)cc2)no1,0
CSC(C)(C)COC(=O)c1ccc(-n2ccnc2)nc1,0
Cn1ncnc1NC(=O)c1ccc(C#N)cc1,0
NCCS(=O)(=O)N1CCCc2ccccc21,0
COc1cccc(CNCc2ccccn2)c1,0
OCCNCCNCc1ccc(-c2ccccc2F)o1,0
c1cn2c(n1)COCC2,0
c1ccc(Nc2nccs2)nc1,0
O=C(Nc1cc[nH]n1)c1csc(I)c1,0
OCCCN(CCO)Cc1c(Cl)ccc2cccnc12,0
Cc1ccc(C(N)c2ccccn2)cc1,0
CN(C)C(=O)Nc1cc(F)cc(F)c1,0
NCc1nc(-c2ccc(Cl)cc2)c[nH]1,0
Cc1cscc1C(=O)Nc1ncnn1C,0
N#Cc1nnc(-c2ccccc2)o1,0
CS(=O)(=O)c1ccc(CN)o1,0
CCOC(=O)C(CN)CC(C)C,0
C1CCC(C2CCNCC2)OC1,0
Cc1ccncc1NC1CS(=O)(=O)c2ccccc21,0
Cc1ccc(C(=O)N2CCN(c3nccs3)CC2)o1,0
CCc1cccc(S(=O)(=O)N2CCC(NC)C2)c1,0
CC(C)C(=O)c1cnccc1N,0
CCN1CCN(c2cc(C#N)ccn2)CC1,0
NCCNc1ccc2ccccc2n1,0
Cc1cccc(NC(C)c2ccc(S(N)(=O)=O)cc2)n1,0
CNc1nnc(-c2ccccc2)s1,0
NS(=O)(=O)NCC1CCN(c2cccc(Br)c2)C1,0
NCc1cccc(-c2nccs2)c1,0
OCCNCCNCc1ccc(-c2cccc(Cl)c2)o1,0
CC(CN)N(C)C(=O)Cc1cccc2ccccc12,0
Cn1c(CN)nc2cc(Cl)ccc21,0
COC(CN)CC(C)C,0
COc1c(C(=O)N2CCOCC2)sc2ccc(F)cc12,0
O=C1c2ccccc2OCC1CN1CCOCC1,0
NCc1cnn(-c2ccc(Cl)cc2)c1,0
O=C(NCCO)Nc1nc2ccccc2s1,0
CC1COC2(CCN(C(=O)c3ccc(Cl)s3)CC2)O1,0
O=C(CSCCO)Nc1ncc(-c2ccccc2)s1,0
Cc1c(C(=O)NC2=NCCS2)oc2ccccc12,0
CN1CCCC1CCSc1nc(N)c(C#N)cc1C#N,0
c1ccc(N2CCN(c3ncccn3)CC2)nc1,0
NCC(O)c1ccc(-c2ccccc2)cc1,0
NC(=O)C1CCN(Cc2ccc(Br)c3cccnc23)C1,0
CC[C@H](CO)Nc1ccnc2cc(Br)cnc12,0
CCc1cccc2c1OCCC2N,0
NC(=O)CSc1nc(-c2ccc(Br)cc2)c[nH]1,0
NCc1cccc(-c2ccccn2)n1,0
Nc1ccnc(-c2ccccc2)c1,0
CNCCC1CCN(c2ccncc2)CC1,0
COc1ccc(OC)c(NC(=O)c2ccccn2)c1,0
Cc1ccc(OC(C)CN)cc1,0
Cn1cc(NC(=O)c2ccc(Br)s2)cc1C(N)=O,0
CC(N)c1nc(-c2ccc(Br)cc2)c[nH]1,0
Cc1ccc(C2(O)CCNC2)cc1,0
CC(CSc1n[nH]c(-c2ccccn2)n1)CS(C)(=O)=O,0
CCCOc1ccc(CN)cc1,0
OCCNCCNCc1ccc(-c2ccccc2Cl)o1,0
CCc1c(C)nc2sc(C(N)=O)c(N)c2c1C,0
CCOc1nnc(CN2CCC(C(N)=O)CC2)s1,0
CC(O)CN1C(=O)C=CC1=O,0
Cc1cccc(OCC(O)Cn2ccnc2C)c1,0
CC(CO)NC(=O)Nc1nc(-c2ccccc2)ns1,0
CS(=O)(=O)CCNc1ccnc2ccc(Br)cc12,0
Cc1cc(C(=O)Nc2ccc3c(c2)CCN3)n(C)n1,0
NCc1cnn(-c2ccc(Br)cc2)c1,0
O=C1NC(Cc2ccccc2)C(=O)Nc2ccccc21,0
Nc1cnccc1N1CCCCC1,0
OC1(Cn2ccnn2)CCCNC1,0
CNC(=O)CCCNC(=O)Nc1nc2ccccc2s1,0
CCC1Oc2c(Cl)cccc2NC1=O,0
FC(F)Oc1cccc(N2CCNCC2)c1,0
NCCNS(=O)(=O)c1ccc(-c2ccccc2)cc1,0
O=C(c1cnsn1)N1CCN(c2ccccn2)CC1,0
O=C(c1c(O)cccc1F)N1CCc2cnccc21,0
COc1ncccc1-c1csc(NCCSC)n1,0
Cc1cccc(C(=O)Nc2ncc(C)s2)n1,0
Cc1cnc2ccccc2c1N,0
CN(C)c1nc(Cl)c(CN)s1,0
Cc1cc(NC(C)CO)nc2ccccc12,0
COc1ccc(F)c(N2CCNCC2)c1,0
COc1cccc2c(N)c(C)cnc12,0
O=C(CSc1ncn[nH]1)Nc1ncc(Br)s1,0
Cn1ccc(C(=O)Nc2ccc(Br)cn2)n1,0
Cc1cc(NCCO)nc2ccccc12,0
CN(C)c1ccc(-c2[nH][nH]c(=O)c2CCN)cc1,0
COc1ccc(C2NC(=O)c3cccnc3N2)cc1F,0
c1ccc2c(N3CCNCC3)cncc2c1,0
CC(C)(N)C(O)c1ccc(Br)cc1,0
CN(C(=O)CN)c1ccc(-c2ccccc2)cc1,0
CS(=O)(=O)N1CCSc2ccc(Cl)cc21,0
CC(Sc1n[nH]c(-c2ccccn2)n1)C(=O)N(C)C,0
Cc1ccc2c(N)noc2n1,0
CCn1cc(C(=O)Nc2ccc(Br)cn2)cn1,0
NCC1CCN(CCc2ccccc2)C1,0
COCCOc1ccc(CNC(=O)c2ccoc2)cn1,1
NC(=O)Nc1cccc(C(=O)Nc2ccc(Cl)cn2)c1,0
O=C(NCCO)Nc1cc(F)ccc1N1CCCCC1,0
OCC(O)CNc1ccnc2ccc(Br)cc12,0
NCC(CO)Cc1ccc(Br)cc1,0
NCCNS(=O)(=O)c1ccc(F)c(C(F)(F)F)c1,0
Cn1ccnc1-c1noc(NC(=O)c2ccccn2)n1,0
NC(=O)CSc1nnc(-c2cc(Br)ccc2O)[nH]1,0
CC(=O)Nc1ccc(-c2ccc(C#N)nc2)cc1,0
CCCCC(CC)CNC(=N)NC(=N)NCCCCCCNC(=N)NC(=N)NCC(CC)CCCC,1
COc1cc(Cc2cnc(N)nc2N)cc(OC)c1OC,1
O=c1ccc2ncc(=O)n3c2n1CC3CN1CCC(NCc2cc3c(cn2)OCCC3)CC1,1
COc1cc(NCc2ccc3nc(N)nc(N)c3c2C)cc(OC)c1OC,1
CC[C@H]1OC(=O)[C@H](C)[C@@H](O[C@H]2C[C@@](C)(OC)[C@@H](O)[C@H](C)O2)[C@H](C)[C@@H](O[C@@H]2O[C@H](C)C[C@H](N(C)C)[C@H]2O)[C@](C)(O)C[C@@H](C)C(=O)[C@H](C)[C@@H](O)[C@]1(C)O,1
CCN(CC)CCn1c(=N)n(CC(O)COc2ccc(Cl)cc2Cl)c2ccccc21,1
COc1cc(Cc2cc(N)nc(N)n2)cc(OC)c1OC,1
NC[C@H]1O[C@H](O[C@H]2[C@H](O)[C@@H](O[C@H]3O[C@H](CO)[C@@H](O)[C@H](N)[C@H]3O)[C@H](N)C[C@@H]2N)[C@H](N)C[C@@H]1O,1
CC1(C)[C@H](C(=O)O)N2C(=O)C[C@H]2S1(=O)=O,1
CCc1cc(O)c(Oc2cccnc2N)cc1F,1
CN(C)[C@@H]1C(=O)C(C(N)=O)C(=O)[C@@]2(O)C(=O)C3C(=O)c4c(O)c(NC(=O)CN5CCCC5)cc(F)c4C[C@H]3C[C@@H]12,1
CC1CCc2c(N3CCC(O)CC3)c(F)cc3c(=O)c(C(=O)O)cn1c23,1
N[C@@H]1CN(c2c(F)cc3c(=O)c(C(=O)O)cn([C@@H]4C[C@@H]4F)c3c2Cl)CC12CC2,1
N=C(N)NCCCCC(=O)Nc1cc(C(F)(F)F)cc(NC(=O)c2cc(C(=O)Nc3cc(C(F)(F)F)cc(NC(=O)CCCCNC(=N)N)c3O[C@@H]3CCNC3)ncn2)c1O[C@@H]1CCNC1,1
COc1c(F)c(F)cc2c(=O)c(C(=O)O)cn(C3CC3)c12,1
CCc1cc(O)c(Oc2ccc(C(N)=O)cc2F)cc1F,1
N=c1n(CCN2CCCCC2)c2ccccc2n1CC(O)COc1ccc(Cl)cc1Cl,1
C[C@H]1COc2c(N3CCN(C)CC3)c(F)cc3c(=O)c(C(=O)O)cn1c23,1
